Datetime,CLOSE
2020-11-30 23:30:00,18.12820053100586
2020-11-30 23:31:00,18.129199981689453
2020-11-30 23:32:00,18.136999130249023
2020-11-30 23:33:00,18.1200008392334
2020-11-30 23:34:00,18.06999969482422
2020-11-30 23:35:00,18.059999465942383
2020-11-30 23:36:00,18.09000015258789
2020-11-30 23:37:00,18.095500946044922
2020-11-30 23:38:00,18.114999771118164
2020-11-30 23:39:00,18.09040069580078
2020-11-30 23:40:00,18.100000381469727
2020-11-30 23:41:00,18.110000610351562
2020-11-30 23:42:00,18.095800399780273
2020-11-30 23:43:00,18.104999542236328
2020-11-30 23:44:00,18.100000381469727
2020-11-30 23:45:00,18.079999923706055
2020-11-30 23:46:00,18.09000015258789
2020-11-30 23:47:00,18.040000915527344
2020-11-30 23:48:00,18.079999923706055
2020-11-30 23:49:00,18.059999465942383
2020-11-30 23:50:00,18.084999084472656
2020-11-30 23:51:00,18.059999465942383
2020-11-30 23:52:00,18.09000015258789
2020-11-30 23:53:00,18.104999542236328
2020-11-30 23:54:00,18.09000015258789
2020-11-30 23:55:00,18.084999084472656
2020-11-30 23:56:00,18.049999237060547
2020-11-30 23:57:00,18.059999465942383
2020-11-30 23:58:00,18.079999923706055
2020-11-30 23:59:00,18.049999237060547
2020-12-01 00:00:00,18.075000762939453
2020-12-01 00:01:00,18.05500030517578
2020-12-01 00:02:00,18.040000915527344
2020-12-01 00:03:00,18.05500030517578
2020-12-01 00:04:00,18.09000015258789
2020-12-01 00:05:00,18.1200008392334
2020-12-01 00:06:00,18.104999542236328
2020-12-01 00:07:00,18.084999084472656
2020-12-01 00:08:00,18.100000381469727
2020-12-01 00:09:00,18.09309959411621
2020-12-01 00:10:00,18.09000015258789
2020-12-01 00:11:00,18.09000015258789
2020-12-01 00:12:00,18.079999923706055
2020-12-01 00:13:00,18.075000762939453
2020-12-01 00:14:00,18.075000762939453
2020-12-01 00:15:00,18.075000762939453
2020-12-01 00:16:00,18.065000534057617
2020-12-01 00:17:00,18.09000015258789
2020-12-01 00:18:00,18.084999084472656
2020-12-01 00:19:00,18.065000534057617
2020-12-01 00:20:00,18.100000381469727
2020-12-01 00:21:00,18.084999084472656
2020-12-01 00:22:00,18.079999923706055
2020-12-01 00:23:00,18.065000534057617
2020-12-01 00:24:00,18.059999465942383
2020-12-01 00:25:00,18.065000534057617
2020-12-01 00:26:00,18.06999969482422
2020-12-01 00:27:00,18.06999969482422
2020-12-01 00:28:00,18.075000762939453
2020-12-01 00:29:00,18.075000762939453
2020-12-01 00:30:00,18.05500030517578
2020-12-01 00:31:00,18.065000534057617
2020-12-01 00:32:00,18.09000015258789
2020-12-01 00:33:00,18.104999542236328
2020-12-01 00:34:00,18.079999923706055
2020-12-01 00:35:00,18.071800231933594
2020-12-01 00:36:00,18.059999465942383
2020-12-01 00:37:00,18.049999237060547
2020-12-01 00:38:00,18.05500030517578
2020-12-01 00:39:00,18.03499984741211
2020-12-01 00:40:00,18.045000076293945
2020-12-01 00:41:00,18.03730010986328
2020-12-01 00:42:00,18.040000915527344
2020-12-01 00:43:00,18.030000686645508
2020-12-01 00:44:00,18.024999618530273
2020-12-01 00:45:00,18.06999969482422
2020-12-01 00:46:00,18.06100082397461
2020-12-01 00:47:00,18.065000534057617
2020-12-01 00:48:00,18.065000534057617
2020-12-01 00:49:00,18.065000534057617
2020-12-01 00:50:00,18.079999923706055
2020-12-01 00:51:00,18.075599670410156
2020-12-01 00:52:00,18.077799797058105
2020-12-01 00:53:00,18.075000762939453
2020-12-01 00:54:00,18.06999969482422
2020-12-01 00:55:00,18.074899673461914
2020-12-01 00:56:00,18.075000762939453
2020-12-01 00:57:00,18.075000762939453
2020-12-01 00:58:00,18.075000762939453
2020-12-01 00:59:00,18.075000762939453
2020-12-01 01:00:00,18.059999465942383
2020-12-01 01:01:00,18.065000534057617
2020-12-01 01:02:00,18.049999237060547
2020-12-01 01:03:00,18.049999237060547
2020-12-01 01:04:00,18.0762996673584
2020-12-01 01:05:00,18.075000762939453
2020-12-01 01:06:00,18.075000762939453
2020-12-01 01:07:00,18.06999969482422
2020-12-01 01:08:00,18.079999923706055
2020-12-01 01:09:00,18.110000610351562
2020-12-01 01:10:00,18.110000610351562
2020-12-01 01:11:00,18.100000381469727
2020-12-01 01:12:00,18.104999542236328
2020-12-01 01:13:00,18.110000610351562
2020-12-01 01:14:00,18.110000610351562
2020-12-01 01:15:00,18.110000610351562
2020-12-01 01:16:00,18.114999771118164
2020-12-01 01:17:00,18.1200008392334
2020-12-01 01:18:00,18.104999542236328
2020-12-01 01:19:00,18.110000610351562
2020-12-01 01:20:00,18.104999542236328
2020-12-01 01:21:00,18.100000381469727
2020-12-01 01:22:00,18.110000610351562
2020-12-01 01:23:00,18.104999542236328
2020-12-01 01:24:00,18.094999313354492
2020-12-01 01:25:00,18.100000381469727
2020-12-01 01:26:00,18.104999542236328
2020-12-01 01:27:00,18.100000381469727
2020-12-01 01:28:00,18.09000015258789
2020-12-01 01:29:00,18.09000015258789
2020-12-01 01:30:00,18.100000381469727
2020-12-01 01:31:00,18.1200008392334
2020-12-01 01:32:00,18.100000381469727
2020-12-01 01:33:00,18.09000015258789
2020-12-01 01:34:00,18.084999084472656
2020-12-01 01:35:00,18.075000762939453
2020-12-01 01:36:00,18.079999923706055
2020-12-01 01:37:00,18.104999542236328
2020-12-01 01:38:00,18.104999542236328
2020-12-01 01:39:00,18.094999313354492
2020-12-01 01:40:00,18.094999313354492
2020-12-01 01:41:00,18.104999542236328
2020-12-01 01:42:00,18.104999542236328
2020-12-01 01:43:00,18.104999542236328
2020-12-01 01:44:00,18.104999542236328
2020-12-01 01:45:00,18.104999542236328
2020-12-01 01:46:00,18.094999313354492
2020-12-01 01:47:00,18.104999542236328
2020-12-01 01:48:00,18.094999313354492
2020-12-01 01:49:00,18.094999313354492
2020-12-01 01:50:00,18.09119987487793
2020-12-01 01:51:00,18.100000381469727
2020-12-01 01:52:00,18.09589958190918
2020-12-01 01:53:00,18.100000381469727
2020-12-01 01:54:00,18.094999313354492
2020-12-01 01:55:00,18.104999542236328
2020-12-01 01:56:00,18.091299057006836
2020-12-01 01:57:00,18.079999923706055
2020-12-01 01:58:00,18.06999969482422
2020-12-01 01:59:00,18.065000534057617
2020-12-01 02:00:00,18.075000762939453
2020-12-01 02:01:00,18.075000762939453
2020-12-01 02:02:00,18.075000762939453
2020-12-01 02:03:00,18.075000762939453
2020-12-01 02:04:00,18.075000762939453
2020-12-01 02:05:00,18.075000762939453
2020-12-01 02:06:00,18.075000762939453
2020-12-01 02:07:00,18.075000762939453
2020-12-01 02:08:00,18.059999465942383
2020-12-01 02:09:00,18.049999237060547
2020-12-01 02:10:00,18.05500030517578
2020-12-01 02:11:00,18.05500030517578
2020-12-01 02:12:00,18.05500030517578
2020-12-01 02:13:00,18.05500030517578
2020-12-01 02:14:00,18.045000076293945
2020-12-01 02:15:00,18.065000534057617
2020-12-01 02:16:00,18.06999969482422
2020-12-01 02:17:00,18.065000534057617
2020-12-01 02:18:00,18.059999465942383
2020-12-01 02:19:00,18.065000534057617
2020-12-01 02:20:00,18.049999237060547
2020-12-01 02:21:00,18.054399490356445
2020-12-01 02:22:00,18.05500030517578
2020-12-01 02:23:00,18.05500030517578
2020-12-01 02:24:00,18.059999465942383
2020-12-01 02:25:00,18.05769920349121
2020-12-01 02:26:00,18.052499771118164
2020-12-01 02:27:00,18.049999237060547
2020-12-01 02:28:00,18.079999923706055
2020-12-01 02:29:00,18.075000762939453
2020-12-01 02:30:00,18.075000762939453
2020-12-01 02:31:00,18.06999969482422
2020-12-01 02:32:00,18.06999969482422
2020-12-01 02:33:00,18.059999465942383
2020-12-01 02:34:00,18.059999465942383
2020-12-01 02:35:00,18.065000534057617
2020-12-01 02:36:00,18.075000762939453
2020-12-01 02:37:00,18.06999969482422
2020-12-01 02:38:00,18.075000762939453
2020-12-01 02:39:00,18.075000762939453
2020-12-01 02:40:00,18.070999145507812
2020-12-01 02:41:00,18.065000534057617
2020-12-01 02:42:00,18.06410026550293
2020-12-01 02:43:00,18.072599411010742
2020-12-01 02:44:00,18.065000534057617
2020-12-01 02:45:00,18.049999237060547
2020-12-01 02:46:00,18.049999237060547
2020-12-01 02:47:00,18.04990005493164
2020-12-01 02:48:00,18.04010009765625
2020-12-01 02:49:00,18.04560089111328
2020-12-01 02:50:00,18.049999237060547
2020-12-01 02:51:00,18.049999237060547
2020-12-01 02:52:00,18.049999237060547
2020-12-01 02:53:00,18.05500030517578
2020-12-01 02:54:00,18.059999465942383
2020-12-01 02:55:00,18.079999923706055
2020-12-01 02:56:00,18.110000610351562
2020-12-01 02:57:00,18.110000610351562
2020-12-01 02:58:00,18.110000610351562
2020-12-01 02:59:00,18.104999542236328
2020-12-01 03:00:00,18.10580062866211
2020-12-01 03:01:00,18.1200008392334
2020-12-01 03:02:00,18.125
2020-12-01 03:03:00,18.1200008392334
2020-12-01 03:04:00,18.125
2020-12-01 03:05:00,18.125
2020-12-01 03:06:00,18.125
2020-12-01 03:07:00,18.125
2020-12-01 03:08:00,18.124799728393555
2020-12-01 03:09:00,18.1200008392334
2020-12-01 03:10:00,18.125
2020-12-01 03:11:00,18.125
2020-12-01 03:12:00,18.11840057373047
2020-12-01 03:13:00,18.145000457763672
2020-12-01 03:14:00,18.135000228881836
2020-12-01 03:15:00,18.1299991607666
2020-12-01 03:16:00,18.1299991607666
2020-12-01 03:17:00,18.1299991607666
2020-12-01 03:18:00,18.1200008392334
2020-12-01 03:19:00,18.104999542236328
2020-12-01 03:20:00,18.111900329589844
2020-12-01 03:21:00,18.125
2020-12-01 03:22:00,18.1200008392334
2020-12-01 03:23:00,18.114999771118164
2020-12-01 03:24:00,18.1200008392334
2020-12-01 03:25:00,18.125
2020-12-01 03:26:00,18.114999771118164
2020-12-01 03:27:00,18.114999771118164
2020-12-01 03:28:00,18.139999389648438
2020-12-01 03:29:00,18.141300201416016
2020-12-01 03:30:00,18.135000228881836
2020-12-01 03:31:00,18.133399963378906
2020-12-01 03:32:00,18.125
2020-12-01 03:33:00,18.1299991607666
2020-12-01 03:34:00,18.125
2020-12-01 03:35:00,18.1200008392334
2020-12-01 03:36:00,18.1299991607666
2020-12-01 03:37:00,18.135000228881836
2020-12-01 03:38:00,18.149999618530273
2020-12-01 03:39:00,18.149999618530273
2020-12-01 03:40:00,18.155000686645508
2020-12-01 03:41:00,18.149999618530273
2020-12-01 03:42:00,18.145000457763672
2020-12-01 03:43:00,18.139999389648438
2020-12-01 03:44:00,18.145000457763672
2020-12-01 03:45:00,18.139999389648438
2020-12-01 03:46:00,18.149999618530273
2020-12-01 03:47:00,18.145000457763672
2020-12-01 03:48:00,18.135000228881836
2020-12-01 03:49:00,18.1299991607666
2020-12-01 03:50:00,18.1299991607666
2020-12-01 03:51:00,18.137699127197266
2020-12-01 03:52:00,18.135000228881836
2020-12-01 03:53:00,18.1299991607666
2020-12-01 03:54:00,18.1200008392334
2020-12-01 03:55:00,18.125
2020-12-01 03:56:00,18.110000610351562
2020-12-01 03:57:00,18.1200008392334
2020-12-01 03:58:00,18.110000610351562
2020-12-01 03:59:00,18.104999542236328
2020-12-01 04:00:00,18.104999542236328
2020-12-01 04:01:00,18.104999542236328
2020-12-01 04:02:00,18.104999542236328
2020-12-01 04:03:00,18.100000381469727
2020-12-01 04:04:00,18.094999313354492
2020-12-01 04:05:00,18.100000381469727
2020-12-01 04:06:00,18.100000381469727
2020-12-01 04:07:00,18.09429931640625
2020-12-01 04:08:00,18.084999084472656
2020-12-01 04:09:00,18.09000015258789
2020-12-01 04:10:00,18.084999084472656
2020-12-01 04:11:00,18.09000015258789
2020-12-01 04:12:00,18.084999084472656
2020-12-01 04:13:00,18.079999923706055
2020-12-01 04:14:00,18.084999084472656
2020-12-01 04:15:00,18.104999542236328
2020-12-01 04:16:00,18.103500366210938
2020-12-01 04:17:00,18.090999603271484
2020-12-01 04:18:00,18.092100143432617
2020-12-01 04:19:00,18.094999313354492
2020-12-01 04:20:00,18.094999313354492
2020-12-01 04:21:00,18.09000015258789
2020-12-01 04:22:00,18.110000610351562
2020-12-01 04:23:00,18.114999771118164
2020-12-01 04:24:00,18.1200008392334
2020-12-01 04:25:00,18.125
2020-12-01 04:26:00,18.145000457763672
2020-12-01 04:27:00,18.145000457763672
2020-12-01 04:28:00,18.145000457763672
2020-12-01 04:29:00,18.145000457763672
2020-12-01 04:30:00,18.145000457763672
2020-12-01 04:31:00,18.145000457763672
2020-12-01 04:32:00,18.155000686645508
2020-12-01 04:33:00,18.155000686645508
2020-12-01 04:34:00,18.145000457763672
2020-12-01 04:35:00,18.145000457763672
2020-12-01 04:36:00,18.135000228881836
2020-12-01 04:37:00,18.13159942626953
2020-12-01 04:38:00,18.1299991607666
2020-12-01 04:39:00,18.135000228881836
2020-12-01 04:40:00,18.135000228881836
2020-12-01 04:41:00,18.135000228881836
2020-12-01 04:42:00,18.135000228881836
2020-12-01 04:43:00,18.138399124145508
2020-12-01 04:44:00,18.1299991607666
2020-12-01 04:45:00,18.13920021057129
2020-12-01 04:46:00,18.125
2020-12-01 04:47:00,18.1200008392334
2020-12-01 04:48:00,18.12820053100586
2020-12-01 04:49:00,18.125
2020-12-01 04:50:00,18.125
2020-12-01 04:51:00,18.114999771118164
2020-12-01 04:52:00,18.114999771118164
2020-12-01 04:53:00,18.110000610351562
2020-12-01 04:54:00,18.104999542236328
2020-12-01 04:55:00,18.1299991607666
2020-12-01 04:56:00,18.125
2020-12-01 04:57:00,18.145000457763672
2020-12-01 04:58:00,18.170000076293945
2020-12-01 04:59:00,18.170000076293945
2020-12-01 05:00:00,18.165000915527344
2020-12-01 05:01:00,18.204999923706055
2020-12-01 05:02:00,18.21500015258789
2020-12-01 05:03:00,18.19499969482422
2020-12-01 05:04:00,18.174999237060547
2020-12-01 05:05:00,18.170000076293945
2020-12-01 05:06:00,18.170000076293945
2020-12-01 05:07:00,18.170000076293945
2020-12-01 05:08:00,18.200000762939453
2020-12-01 05:09:00,18.200000762939453
2020-12-01 05:10:00,18.191499710083008
2020-12-01 05:11:00,18.200000762939453
2020-12-01 05:12:00,18.200000762939453
2020-12-01 05:13:00,18.19499969482422
2020-12-01 05:14:00,18.200000762939453
2020-12-01 05:15:00,18.190000534057617
2020-12-01 05:16:00,18.200000762939453
2020-12-01 05:17:00,18.200000762939453
2020-12-01 05:18:00,18.204999923706055
2020-12-01 05:19:00,18.204999923706055
2020-12-01 05:20:00,18.204999923706055
2020-12-01 05:21:00,18.204999923706055
2020-12-01 05:22:00,18.209999084472656
2020-12-01 05:23:00,18.202999114990234
2020-12-01 05:24:00,18.204999923706055
2020-12-01 05:25:00,18.209999084472656
2020-12-01 05:26:00,18.225000381469727
2020-12-01 05:27:00,18.21500015258789
2020-12-01 05:28:00,18.21500015258789
2020-12-01 05:29:00,18.200000762939453
2020-12-01 05:30:00,18.225000381469727
2020-12-01 05:31:00,18.21500015258789
2020-12-01 05:32:00,18.21500015258789
2020-12-01 05:33:00,18.239999771118164
2020-12-01 05:34:00,18.239999771118164
2020-12-01 05:35:00,18.239999771118164
2020-12-01 05:36:00,18.2450008392334
2020-12-01 05:37:00,18.295000076293945
2020-12-01 05:38:00,18.329999923706055
2020-12-01 05:39:00,18.31999969482422
2020-12-01 05:40:00,18.329999923706055
2020-12-01 05:41:00,18.329999923706055
2020-12-01 05:42:00,18.354999542236328
2020-12-01 05:43:00,18.364999771118164
2020-12-01 05:44:00,18.3799991607666
2020-12-01 05:45:00,18.375
2020-12-01 05:46:00,18.360000610351562
2020-12-01 05:47:00,18.364999771118164
2020-12-01 05:48:00,18.360000610351562
2020-12-01 05:49:00,18.360000610351562
2020-12-01 05:50:00,18.334999084472656
2020-12-01 05:51:00,18.329999923706055
2020-12-01 05:52:00,18.290000915527344
2020-12-01 05:53:00,18.25
2020-12-01 05:54:00,18.260000228881836
2020-12-01 05:55:00,18.260000228881836
2020-12-01 05:56:00,18.25
2020-12-01 05:57:00,18.264999389648438
2020-12-01 05:58:00,18.264999389648438
2020-12-01 05:59:00,18.219999313354492
2020-12-01 23:30:00,18.209999084472656
2020-12-01 23:31:00,18.149999618530273
2020-12-01 23:32:00,18.1200008392334
2020-12-01 23:33:00,18.149999618530273
2020-12-01 23:34:00,18.209999084472656
2020-12-01 23:35:00,18.18000030517578
2020-12-01 23:36:00,18.239999771118164
2020-12-01 23:37:00,18.240100860595703
2020-12-01 23:38:00,18.209999084472656
2020-12-01 23:39:00,18.25
2020-12-01 23:40:00,18.264999389648438
2020-12-01 23:41:00,18.2637996673584
2020-12-01 23:42:00,18.264999389648438
2020-12-01 23:43:00,18.31999969482422
2020-12-01 23:44:00,18.315000534057617
2020-12-01 23:45:00,18.30500030517578
2020-12-01 23:46:00,18.344999313354492
2020-12-01 23:47:00,18.364999771118164
2020-12-01 23:48:00,18.399999618530273
2020-12-01 23:49:00,18.40999984741211
2020-12-01 23:50:00,18.424999237060547
2020-12-01 23:51:00,18.469999313354492
2020-12-01 23:52:00,18.489999771118164
2020-12-01 23:53:00,18.506999969482422
2020-12-01 23:54:00,18.480100631713867
2020-12-01 23:55:00,18.485000610351562
2020-12-01 23:56:00,18.489999771118164
2020-12-01 23:57:00,18.5
2020-12-01 23:58:00,18.508399963378906
2020-12-01 23:59:00,18.489999771118164
2020-12-02 00:00:00,18.479999542236328
2020-12-02 00:01:00,18.485000610351562
2020-12-02 00:02:00,18.4950008392334
2020-12-02 00:03:00,18.514999389648438
2020-12-02 00:04:00,18.469999313354492
2020-12-02 00:05:00,18.459999084472656
2020-12-02 00:06:00,18.415000915527344
2020-12-02 00:07:00,18.40730094909668
2020-12-02 00:08:00,18.413400650024414
2020-12-02 00:09:00,18.405000686645508
2020-12-02 00:10:00,18.3700008392334
2020-12-02 00:11:00,18.354999542236328
2020-12-02 00:12:00,18.354999542236328
2020-12-02 00:13:00,18.440000534057617
2020-12-02 00:14:00,18.434999465942383
2020-12-02 00:15:00,18.415000915527344
2020-12-02 00:16:00,18.395000457763672
2020-12-02 00:17:00,18.454999923706055
2020-12-02 00:18:00,18.442100524902344
2020-12-02 00:19:00,18.43000030517578
2020-12-02 00:20:00,18.44499969482422
2020-12-02 00:21:00,18.43000030517578
2020-12-02 00:22:00,18.40999984741211
2020-12-02 00:23:00,18.440000534057617
2020-12-02 00:24:00,18.44499969482422
2020-12-02 00:25:00,18.44499969482422
2020-12-02 00:26:00,18.420000076293945
2020-12-02 00:27:00,18.399999618530273
2020-12-02 00:28:00,18.406299591064453
2020-12-02 00:29:00,18.405000686645508
2020-12-02 00:30:00,18.3799991607666
2020-12-02 00:31:00,18.375
2020-12-02 00:32:00,18.350000381469727
2020-12-02 00:33:00,18.332599639892578
2020-12-02 00:34:00,18.34000015258789
2020-12-02 00:35:00,18.334999084472656
2020-12-02 00:36:00,18.3700008392334
2020-12-02 00:37:00,18.360000610351562
2020-12-02 00:38:00,18.360000610351562
2020-12-02 00:39:00,18.350000381469727
2020-12-02 00:40:00,18.332500457763672
2020-12-02 00:41:00,18.329999923706055
2020-12-02 00:42:00,18.344999313354492
2020-12-02 00:43:00,18.3656005859375
2020-12-02 00:44:00,18.344999313354492
2020-12-02 00:45:00,18.334999084472656
2020-12-02 00:46:00,18.325000762939453
2020-12-02 00:47:00,18.325000762939453
2020-12-02 00:48:00,18.325000762939453
2020-12-02 00:49:00,18.325000762939453
2020-12-02 00:50:00,18.344999313354492
2020-12-02 00:51:00,18.334999084472656
2020-12-02 00:52:00,18.334999084472656
2020-12-02 00:53:00,18.334999084472656
2020-12-02 00:54:00,18.334999084472656
2020-12-02 00:55:00,18.315000534057617
2020-12-02 00:56:00,18.315000534057617
2020-12-02 00:57:00,18.30500030517578
2020-12-02 00:58:00,18.30500030517578
2020-12-02 00:59:00,18.315000534057617
2020-12-02 01:00:00,18.315000534057617
2020-12-02 01:01:00,18.360000610351562
2020-12-02 01:02:00,18.354999542236328
2020-12-02 01:03:00,18.351999282836914
2020-12-02 01:04:00,18.354999542236328
2020-12-02 01:05:00,18.344999313354492
2020-12-02 01:06:00,18.344999313354492
2020-12-02 01:07:00,18.344999313354492
2020-12-02 01:08:00,18.385000228881836
2020-12-02 01:09:00,18.399999618530273
2020-12-02 01:10:00,18.405000686645508
2020-12-02 01:11:00,18.405000686645508
2020-12-02 01:12:00,18.385000228881836
2020-12-02 01:13:00,18.383800506591797
2020-12-02 01:14:00,18.385000228881836
2020-12-02 01:15:00,18.385000228881836
2020-12-02 01:16:00,18.395000457763672
2020-12-02 01:17:00,18.395000457763672
2020-12-02 01:18:00,18.395000457763672
2020-12-02 01:19:00,18.389999389648438
2020-12-02 01:20:00,18.398000717163086
2020-12-02 01:21:00,18.375
2020-12-02 01:22:00,18.375
2020-12-02 01:23:00,18.3700008392334
2020-12-02 01:24:00,18.375
2020-12-02 01:25:00,18.375
2020-12-02 01:26:00,18.364999771118164
2020-12-02 01:27:00,18.360000610351562
2020-12-02 01:28:00,18.364999771118164
2020-12-02 01:29:00,18.354999542236328
2020-12-02 01:30:00,18.350000381469727
2020-12-02 01:31:00,18.350000381469727
2020-12-02 01:32:00,18.309999465942383
2020-12-02 01:33:00,18.325000762939453
2020-12-02 01:34:00,18.315000534057617
2020-12-02 01:35:00,18.31999969482422
2020-12-02 01:36:00,18.315000534057617
2020-12-02 01:37:00,18.309999465942383
2020-12-02 01:38:00,18.34000015258789
2020-12-02 01:39:00,18.36009979248047
2020-12-02 01:40:00,18.3799991607666
2020-12-02 01:41:00,18.3799991607666
2020-12-02 01:42:00,18.389999389648438
2020-12-02 01:43:00,18.395000457763672
2020-12-02 01:44:00,18.395000457763672
2020-12-02 01:45:00,18.371700286865234
2020-12-02 01:46:00,18.377500534057617
2020-12-02 01:47:00,18.3700008392334
2020-12-02 01:48:00,18.364999771118164
2020-12-02 01:49:00,18.354999542236328
2020-12-02 01:50:00,18.350000381469727
2020-12-02 01:51:00,18.34000015258789
2020-12-02 01:52:00,18.34239959716797
2020-12-02 01:53:00,18.334999084472656
2020-12-02 01:54:00,18.334999084472656
2020-12-02 01:55:00,18.350000381469727
2020-12-02 01:56:00,18.350000381469727
2020-12-02 01:57:00,18.344999313354492
2020-12-02 01:58:00,18.329999923706055
2020-12-02 01:59:00,18.33099937438965
2020-12-02 02:00:00,18.329999923706055
2020-12-02 02:01:00,18.31999969482422
2020-12-02 02:02:00,18.31999969482422
2020-12-02 02:03:00,18.309999465942383
2020-12-02 02:04:00,18.309999465942383
2020-12-02 02:05:00,18.309999465942383
2020-12-02 02:06:00,18.31089973449707
2020-12-02 02:07:00,18.30500030517578
2020-12-02 02:08:00,18.30500030517578
2020-12-02 02:09:00,18.315000534057617
2020-12-02 02:10:00,18.342599868774414
2020-12-02 02:11:00,18.34000015258789
2020-12-02 02:12:00,18.315000534057617
2020-12-02 02:13:00,18.315000534057617
2020-12-02 02:14:00,18.315000534057617
2020-12-02 02:15:00,18.315000534057617
2020-12-02 02:16:00,18.309999465942383
2020-12-02 02:17:00,18.31999969482422
2020-12-02 02:18:00,18.299999237060547
2020-12-02 02:19:00,18.30500030517578
2020-12-02 02:20:00,18.309999465942383
2020-12-02 02:21:00,18.30500030517578
2020-12-02 02:22:00,18.350000381469727
2020-12-02 02:23:00,18.364999771118164
2020-12-02 02:24:00,18.344999313354492
2020-12-02 02:25:00,18.344999313354492
2020-12-02 02:26:00,18.350000381469727
2020-12-02 02:27:00,18.344999313354492
2020-12-02 02:28:00,18.350000381469727
2020-12-02 02:29:00,18.334999084472656
2020-12-02 02:30:00,18.334999084472656
2020-12-02 02:31:00,18.334999084472656
2020-12-02 02:32:00,18.333099365234375
2020-12-02 02:33:00,18.31999969482422
2020-12-02 02:34:00,18.313400268554688
2020-12-02 02:35:00,18.299999237060547
2020-12-02 02:36:00,18.299999237060547
2020-12-02 02:37:00,18.309999465942383
2020-12-02 02:38:00,18.295000076293945
2020-12-02 02:39:00,18.28499984741211
2020-12-02 02:40:00,18.274999618530273
2020-12-02 02:41:00,18.280000686645508
2020-12-02 02:42:00,18.290000915527344
2020-12-02 02:43:00,18.325000762939453
2020-12-02 02:44:00,18.303499221801758
2020-12-02 02:45:00,18.30500030517578
2020-12-02 02:46:00,18.30500030517578
2020-12-02 02:47:00,18.28499984741211
2020-12-02 02:48:00,18.28499984741211
2020-12-02 02:49:00,18.28499984741211
2020-12-02 02:50:00,18.274999618530273
2020-12-02 02:51:00,18.274999618530273
2020-12-02 02:52:00,18.274999618530273
2020-12-02 02:53:00,18.270000457763672
2020-12-02 02:54:00,18.30500030517578
2020-12-02 02:55:00,18.325000762939453
2020-12-02 02:56:00,18.315000534057617
2020-12-02 02:57:00,18.30500030517578
2020-12-02 02:58:00,18.295000076293945
2020-12-02 02:59:00,18.295000076293945
2020-12-02 03:00:00,18.295000076293945
2020-12-02 03:01:00,18.30500030517578
2020-12-02 03:02:00,18.295000076293945
2020-12-02 03:03:00,18.295000076293945
2020-12-02 03:04:00,18.299999237060547
2020-12-02 03:05:00,18.290000915527344
2020-12-02 03:06:00,18.295000076293945
2020-12-02 03:07:00,18.270000457763672
2020-12-02 03:08:00,18.299999237060547
2020-12-02 03:09:00,18.290000915527344
2020-12-02 03:10:00,18.290000915527344
2020-12-02 03:11:00,18.286800384521484
2020-12-02 03:12:00,18.28499984741211
2020-12-02 03:13:00,18.270000457763672
2020-12-02 03:14:00,18.274999618530273
2020-12-02 03:15:00,18.274999618530273
2020-12-02 03:16:00,18.274999618530273
2020-12-02 03:17:00,18.264999389648438
2020-12-02 03:18:00,18.264999389648438
2020-12-02 03:19:00,18.2549991607666
2020-12-02 03:20:00,18.2549991607666
2020-12-02 03:21:00,18.270000457763672
2020-12-02 03:22:00,18.270000457763672
2020-12-02 03:23:00,18.264999389648438
2020-12-02 03:24:00,18.264999389648438
2020-12-02 03:25:00,18.270000457763672
2020-12-02 03:26:00,18.2549991607666
2020-12-02 03:27:00,18.2549991607666
2020-12-02 03:28:00,18.2549991607666
2020-12-02 03:29:00,18.30500030517578
2020-12-02 03:30:00,18.30500030517578
2020-12-02 03:31:00,18.325000762939453
2020-12-02 03:32:00,18.334999084472656
2020-12-02 03:33:00,18.329999923706055
2020-12-02 03:34:00,18.31999969482422
2020-12-02 03:35:00,18.309999465942383
2020-12-02 03:36:00,18.30500030517578
2020-12-02 03:37:00,18.295000076293945
2020-12-02 03:38:00,18.295000076293945
2020-12-02 03:39:00,18.295000076293945
2020-12-02 03:40:00,18.295000076293945
2020-12-02 03:41:00,18.290000915527344
2020-12-02 03:42:00,18.295000076293945
2020-12-02 03:43:00,18.290000915527344
2020-12-02 03:44:00,18.290000915527344
2020-12-02 03:45:00,18.290000915527344
2020-12-02 03:46:00,18.295000076293945
2020-12-02 03:47:00,18.290000915527344
2020-12-02 03:48:00,18.290000915527344
2020-12-02 03:49:00,18.283300399780273
2020-12-02 03:50:00,18.28499984741211
2020-12-02 03:51:00,18.28499984741211
2020-12-02 03:52:00,18.28499984741211
2020-12-02 03:53:00,18.28499984741211
2020-12-02 03:54:00,18.28499984741211
2020-12-02 03:55:00,18.28499984741211
2020-12-02 03:56:00,18.28499984741211
2020-12-02 03:57:00,18.30500030517578
2020-12-02 03:58:00,18.30500030517578
2020-12-02 03:59:00,18.30500030517578
2020-12-02 04:00:00,18.295000076293945
2020-12-02 04:01:00,18.280000686645508
2020-12-02 04:02:00,18.264999389648438
2020-12-02 04:03:00,18.264999389648438
2020-12-02 04:04:00,18.28499984741211
2020-12-02 04:05:00,18.264999389648438
2020-12-02 04:06:00,18.274999618530273
2020-12-02 04:07:00,18.264999389648438
2020-12-02 04:08:00,18.260000228881836
2020-12-02 04:09:00,18.257600784301758
2020-12-02 04:10:00,18.274999618530273
2020-12-02 04:11:00,18.264999389648438
2020-12-02 04:12:00,18.264999389648438
2020-12-02 04:13:00,18.2549991607666
2020-12-02 04:14:00,18.260000228881836
2020-12-02 04:15:00,18.28499984741211
2020-12-02 04:16:00,18.315000534057617
2020-12-02 04:17:00,18.274999618530273
2020-12-02 04:18:00,18.28499984741211
2020-12-02 04:19:00,18.299999237060547
2020-12-02 04:20:00,18.28499984741211
2020-12-02 04:21:00,18.280099868774414
2020-12-02 04:22:00,18.295000076293945
2020-12-02 04:23:00,18.290000915527344
2020-12-02 04:24:00,18.281600952148438
2020-12-02 04:25:00,18.286100387573242
2020-12-02 04:26:00,18.28499984741211
2020-12-02 04:27:00,18.28499984741211
2020-12-02 04:28:00,18.299999237060547
2020-12-02 04:29:00,18.299999237060547
2020-12-02 04:30:00,18.290000915527344
2020-12-02 04:31:00,18.290000915527344
2020-12-02 04:32:00,18.299999237060547
2020-12-02 04:33:00,18.295700073242188
2020-12-02 04:34:00,18.295000076293945
2020-12-02 04:35:00,18.295000076293945
2020-12-02 04:36:00,18.2987003326416
2020-12-02 04:37:00,18.299999237060547
2020-12-02 04:38:00,18.299999237060547
2020-12-02 04:39:00,18.297300338745117
2020-12-02 04:40:00,18.299999237060547
2020-12-02 04:41:00,18.295000076293945
2020-12-02 04:42:00,18.295000076293945
2020-12-02 04:43:00,18.295000076293945
2020-12-02 04:44:00,18.295000076293945
2020-12-02 04:45:00,18.295000076293945
2020-12-02 04:46:00,18.309999465942383
2020-12-02 04:47:00,18.30500030517578
2020-12-02 04:48:00,18.30500030517578
2020-12-02 04:49:00,18.295000076293945
2020-12-02 04:50:00,18.283000946044922
2020-12-02 04:51:00,18.28499984741211
2020-12-02 04:52:00,18.28499984741211
2020-12-02 04:53:00,18.299999237060547
2020-12-02 04:54:00,18.274999618530273
2020-12-02 04:55:00,18.274999618530273
2020-12-02 04:56:00,18.270000457763672
2020-12-02 04:57:00,18.270000457763672
2020-12-02 04:58:00,18.274999618530273
2020-12-02 04:59:00,18.260000228881836
2020-12-02 05:00:00,18.295000076293945
2020-12-02 05:01:00,18.28499984741211
2020-12-02 05:02:00,18.270000457763672
2020-12-02 05:03:00,18.274999618530273
2020-12-02 05:04:00,18.2549991607666
2020-12-02 05:05:00,18.260000228881836
2020-12-02 05:06:00,18.264999389648438
2020-12-02 05:07:00,18.264999389648438
2020-12-02 05:08:00,18.260000228881836
2020-12-02 05:09:00,18.25
2020-12-02 05:10:00,18.2549991607666
2020-12-02 05:11:00,18.2549991607666
2020-12-02 05:12:00,18.260000228881836
2020-12-02 05:13:00,18.2549991607666
2020-12-02 05:14:00,18.2549991607666
2020-12-02 05:15:00,18.2450008392334
2020-12-02 05:16:00,18.2450008392334
2020-12-02 05:17:00,18.2450008392334
2020-12-02 05:18:00,18.235000610351562
2020-12-02 05:19:00,18.229999542236328
2020-12-02 05:20:00,18.239999771118164
2020-12-02 05:21:00,18.2450008392334
2020-12-02 05:22:00,18.2450008392334
2020-12-02 05:23:00,18.2450008392334
2020-12-02 05:24:00,18.2450008392334
2020-12-02 05:25:00,18.270000457763672
2020-12-02 05:26:00,18.2450008392334
2020-12-02 05:27:00,18.2450008392334
2020-12-02 05:28:00,18.2549991607666
2020-12-02 05:29:00,18.2549991607666
2020-12-02 05:30:00,18.25
2020-12-02 05:31:00,18.2450008392334
2020-12-02 05:32:00,18.28499984741211
2020-12-02 05:33:00,18.28499984741211
2020-12-02 05:34:00,18.270000457763672
2020-12-02 05:35:00,18.264999389648438
2020-12-02 05:36:00,18.2450008392334
2020-12-02 05:37:00,18.2450008392334
2020-12-02 05:38:00,18.25
2020-12-02 05:39:00,18.225000381469727
2020-12-02 05:40:00,18.219999313354492
2020-12-02 05:41:00,18.225000381469727
2020-12-02 05:42:00,18.225000381469727
2020-12-02 05:43:00,18.21500015258789
2020-12-02 05:44:00,18.216800689697266
2020-12-02 05:45:00,18.21500015258789
2020-12-02 05:46:00,18.21500015258789
2020-12-02 05:47:00,18.25
2020-12-02 05:48:00,18.2549991607666
2020-12-02 05:49:00,18.2450008392334
2020-12-02 05:50:00,18.260000228881836
2020-12-02 05:51:00,18.2549991607666
2020-12-02 05:52:00,18.225000381469727
2020-12-02 05:53:00,18.229999542236328
2020-12-02 05:54:00,18.229999542236328
2020-12-02 05:55:00,18.225000381469727
2020-12-02 05:56:00,18.229999542236328
2020-12-02 05:57:00,18.229999542236328
2020-12-02 05:58:00,18.229999542236328
2020-12-02 05:59:00,18.219999313354492
2020-12-02 23:30:00,18.190000534057617
2020-12-02 23:31:00,18.210399627685547
2020-12-02 23:32:00,18.270000457763672
2020-12-02 23:33:00,18.26689910888672
2020-12-02 23:34:00,18.3700008392334
2020-12-02 23:35:00,18.38089942932129
2020-12-02 23:36:00,18.378999710083008
2020-12-02 23:37:00,18.399999618530273
2020-12-02 23:38:00,18.440000534057617
2020-12-02 23:39:00,18.46540069580078
2020-12-02 23:40:00,18.430099487304688
2020-12-02 23:41:00,18.510000228881836
2020-12-02 23:42:00,18.5
2020-12-02 23:43:00,18.4950008392334
2020-12-02 23:44:00,18.579999923706055
2020-12-02 23:45:00,18.594999313354492
2020-12-02 23:46:00,18.649999618530273
2020-12-02 23:47:00,18.645000457763672
2020-12-02 23:48:00,18.619199752807617
2020-12-02 23:49:00,18.635000228881836
2020-12-02 23:50:00,18.56839942932129
2020-12-02 23:51:00,18.579999923706055
2020-12-02 23:52:00,18.63159942626953
2020-12-02 23:53:00,18.690000534057617
2020-12-02 23:54:00,18.639999389648438
2020-12-02 23:55:00,18.649999618530273
2020-12-02 23:56:00,18.614999771118164
2020-12-02 23:57:00,18.614999771118164
2020-12-02 23:58:00,18.6299991607666
2020-12-02 23:59:00,18.6200008392334
2020-12-03 00:00:00,18.616199493408203
2020-12-03 00:01:00,18.645000457763672
2020-12-03 00:02:00,18.639999389648438
2020-12-03 00:03:00,18.68000030517578
2020-12-03 00:04:00,18.700000762939453
2020-12-03 00:05:00,18.719999313354492
2020-12-03 00:06:00,18.700000762939453
2020-12-03 00:07:00,18.709999084472656
2020-12-03 00:08:00,18.6875
2020-12-03 00:09:00,18.614999771118164
2020-12-03 00:10:00,18.600000381469727
2020-12-03 00:11:00,18.6299991607666
2020-12-03 00:12:00,18.625
2020-12-03 00:13:00,18.625
2020-12-03 00:14:00,18.610000610351562
2020-12-03 00:15:00,18.6200008392334
2020-12-03 00:16:00,18.59000015258789
2020-12-03 00:17:00,18.594999313354492
2020-12-03 00:18:00,18.575000762939453
2020-12-03 00:19:00,18.59000015258789
2020-12-03 00:20:00,18.579999923706055
2020-12-03 00:21:00,18.565000534057617
2020-12-03 00:22:00,18.59000015258789
2020-12-03 00:23:00,18.639999389648438
2020-12-03 00:24:00,18.63559913635254
2020-12-03 00:25:00,18.635000228881836
2020-12-03 00:26:00,18.625
2020-12-03 00:27:00,18.625
2020-12-03 00:28:00,18.610000610351562
2020-12-03 00:29:00,18.610000610351562
2020-12-03 00:30:00,18.575000762939453
2020-12-03 00:31:00,18.584999084472656
2020-12-03 00:32:00,18.59000015258789
2020-12-03 00:33:00,18.6200008392334
2020-12-03 00:34:00,18.635000228881836
2020-12-03 00:35:00,18.610000610351562
2020-12-03 00:36:00,18.59000015258789
2020-12-03 00:37:00,18.579999923706055
2020-12-03 00:38:00,18.594999313354492
2020-12-03 00:39:00,18.579999923706055
2020-12-03 00:40:00,18.565000534057617
2020-12-03 00:41:00,18.577999114990234
2020-12-03 00:42:00,18.575000762939453
2020-12-03 00:43:00,18.579999923706055
2020-12-03 00:44:00,18.575000762939453
2020-12-03 00:45:00,18.575000762939453
2020-12-03 00:46:00,18.575000762939453
2020-12-03 00:47:00,18.56999969482422
2020-12-03 00:48:00,18.575000762939453
2020-12-03 00:49:00,18.575000762939453
2020-12-03 00:50:00,18.565000534057617
2020-12-03 00:51:00,18.559999465942383
2020-12-03 00:52:00,18.5718994140625
2020-12-03 00:53:00,18.579999923706055
2020-12-03 00:54:00,18.575000762939453
2020-12-03 00:55:00,18.57379913330078
2020-12-03 00:56:00,18.575000762939453
2020-12-03 00:57:00,18.579999923706055
2020-12-03 00:58:00,18.610000610351562
2020-12-03 00:59:00,18.604999542236328
2020-12-03 01:00:00,18.579999923706055
2020-12-03 01:01:00,18.584999084472656
2020-12-03 01:02:00,18.575000762939453
2020-12-03 01:03:00,18.59000015258789
2020-12-03 01:04:00,18.584999084472656
2020-12-03 01:05:00,18.59000015258789
2020-12-03 01:06:00,18.614999771118164
2020-12-03 01:07:00,18.6299991607666
2020-12-03 01:08:00,18.649999618530273
2020-12-03 01:09:00,18.649999618530273
2020-12-03 01:10:00,18.639999389648438
2020-12-03 01:11:00,18.635000228881836
2020-12-03 01:12:00,18.635000228881836
2020-12-03 01:13:00,18.645000457763672
2020-12-03 01:14:00,18.65999984741211
2020-12-03 01:15:00,18.655000686645508
2020-12-03 01:16:00,18.655000686645508
2020-12-03 01:17:00,18.670000076293945
2020-12-03 01:18:00,18.674999237060547
2020-12-03 01:19:00,18.674999237060547
2020-12-03 01:20:00,18.674999237060547
2020-12-03 01:21:00,18.674999237060547
2020-12-03 01:22:00,18.670000076293945
2020-12-03 01:23:00,18.65999984741211
2020-12-03 01:24:00,18.65999984741211
2020-12-03 01:25:00,18.65999984741211
2020-12-03 01:26:00,18.667699813842773
2020-12-03 01:27:00,18.68000030517578
2020-12-03 01:28:00,18.69499969482422
2020-12-03 01:29:00,18.704999923706055
2020-12-03 01:30:00,18.684999465942383
2020-12-03 01:31:00,18.670000076293945
2020-12-03 01:32:00,18.670000076293945
2020-12-03 01:33:00,18.65999984741211
2020-12-03 01:34:00,18.65999984741211
2020-12-03 01:35:00,18.639999389648438
2020-12-03 01:36:00,18.635000228881836
2020-12-03 01:37:00,18.649999618530273
2020-12-03 01:38:00,18.645000457763672
2020-12-03 01:39:00,18.625
2020-12-03 01:40:00,18.610000610351562
2020-12-03 01:41:00,18.600000381469727
2020-12-03 01:42:00,18.600000381469727
2020-12-03 01:43:00,18.600000381469727
2020-12-03 01:44:00,18.594999313354492
2020-12-03 01:45:00,18.604999542236328
2020-12-03 01:46:00,18.604999542236328
2020-12-03 01:47:00,18.6200008392334
2020-12-03 01:48:00,18.604999542236328
2020-12-03 01:49:00,18.604999542236328
2020-12-03 01:50:00,18.610000610351562
2020-12-03 01:51:00,18.604999542236328
2020-12-03 01:52:00,18.604999542236328
2020-12-03 01:53:00,18.59000015258789
2020-12-03 01:54:00,18.594999313354492
2020-12-03 01:55:00,18.610000610351562
2020-12-03 01:56:00,18.6299991607666
2020-12-03 01:57:00,18.635000228881836
2020-12-03 01:58:00,18.6299991607666
2020-12-03 01:59:00,18.625
2020-12-03 02:00:00,18.625
2020-12-03 02:01:00,18.610000610351562
2020-12-03 02:02:00,18.601600646972656
2020-12-03 02:03:00,18.604999542236328
2020-12-03 02:04:00,18.600000381469727
2020-12-03 02:05:00,18.59269905090332
2020-12-03 02:06:00,18.600000381469727
2020-12-03 02:07:00,18.56999969482422
2020-12-03 02:08:00,18.56999969482422
2020-12-03 02:09:00,18.59000015258789
2020-12-03 02:10:00,18.59000015258789
2020-12-03 02:11:00,18.56999969482422
2020-12-03 02:12:00,18.575000762939453
2020-12-03 02:13:00,18.559999465942383
2020-12-03 02:14:00,18.57360076904297
2020-12-03 02:15:00,18.559999465942383
2020-12-03 02:16:00,18.565000534057617
2020-12-03 02:17:00,18.565000534057617
2020-12-03 02:18:00,18.565000534057617
2020-12-03 02:19:00,18.59000015258789
2020-12-03 02:20:00,18.56999969482422
2020-12-03 02:21:00,18.559999465942383
2020-12-03 02:22:00,18.575000762939453
2020-12-03 02:23:00,18.575000762939453
2020-12-03 02:24:00,18.579999923706055
2020-12-03 02:25:00,18.56999969482422
2020-12-03 02:26:00,18.56999969482422
2020-12-03 02:27:00,18.594999313354492
2020-12-03 02:28:00,18.59000015258789
2020-12-03 02:29:00,18.59000015258789
2020-12-03 02:30:00,18.58300018310547
2020-12-03 02:31:00,18.57990074157715
2020-12-03 02:32:00,18.565000534057617
2020-12-03 02:33:00,18.565000534057617
2020-12-03 02:34:00,18.565000534057617
2020-12-03 02:35:00,18.55500030517578
2020-12-03 02:36:00,18.545000076293945
2020-12-03 02:37:00,18.545000076293945
2020-12-03 02:38:00,18.55500030517578
2020-12-03 02:39:00,18.55500030517578
2020-12-03 02:40:00,18.559999465942383
2020-12-03 02:41:00,18.550100326538086
2020-12-03 02:42:00,18.559999465942383
2020-12-03 02:43:00,18.520000457763672
2020-12-03 02:44:00,18.5049991607666
2020-12-03 02:45:00,18.524999618530273
2020-12-03 02:46:00,18.530000686645508
2020-12-03 02:47:00,18.530000686645508
2020-12-03 02:48:00,18.53499984741211
2020-12-03 02:49:00,18.53499984741211
2020-12-03 02:50:00,18.524999618530273
2020-12-03 02:51:00,18.520000457763672
2020-12-03 02:52:00,18.530000686645508
2020-12-03 02:53:00,18.524999618530273
2020-12-03 02:54:00,18.53499984741211
2020-12-03 02:55:00,18.53499984741211
2020-12-03 02:56:00,18.530000686645508
2020-12-03 02:57:00,18.530000686645508
2020-12-03 02:58:00,18.55699920654297
2020-12-03 02:59:00,18.559999465942383
2020-12-03 03:00:00,18.559999465942383
2020-12-03 03:01:00,18.559999465942383
2020-12-03 03:02:00,18.559999465942383
2020-12-03 03:03:00,18.540000915527344
2020-12-03 03:04:00,18.540000915527344
2020-12-03 03:05:00,18.549999237060547
2020-12-03 03:06:00,18.524999618530273
2020-12-03 03:07:00,18.524999618530273
2020-12-03 03:08:00,18.530000686645508
2020-12-03 03:09:00,18.530000686645508
2020-12-03 03:10:00,18.524999618530273
2020-12-03 03:11:00,18.524999618530273
2020-12-03 03:12:00,18.524999618530273
2020-12-03 03:13:00,18.524999618530273
2020-12-03 03:14:00,18.524999618530273
2020-12-03 03:15:00,18.520000457763672
2020-12-03 03:16:00,18.510000228881836
2020-12-03 03:17:00,18.514400482177734
2020-12-03 03:18:00,18.5049991607666
2020-12-03 03:19:00,18.5049991607666
2020-12-03 03:20:00,18.5
2020-12-03 03:21:00,18.5049991607666
2020-12-03 03:22:00,18.530000686645508
2020-12-03 03:23:00,18.517499923706055
2020-12-03 03:24:00,18.559999465942383
2020-12-03 03:25:00,18.565000534057617
2020-12-03 03:26:00,18.549999237060547
2020-12-03 03:27:00,18.565000534057617
2020-12-03 03:28:00,18.56999969482422
2020-12-03 03:29:00,18.55500030517578
2020-12-03 03:30:00,18.55500030517578
2020-12-03 03:31:00,18.549999237060547
2020-12-03 03:32:00,18.545000076293945
2020-12-03 03:33:00,18.543800354003906
2020-12-03 03:34:00,18.540000915527344
2020-12-03 03:35:00,18.530000686645508
2020-12-03 03:36:00,18.524999618530273
2020-12-03 03:37:00,18.520000457763672
2020-12-03 03:38:00,18.520000457763672
2020-12-03 03:39:00,18.510000228881836
2020-12-03 03:40:00,18.510000228881836
2020-12-03 03:41:00,18.5049991607666
2020-12-03 03:42:00,18.479999542236328
2020-12-03 03:43:00,18.479999542236328
2020-12-03 03:44:00,18.5
2020-12-03 03:45:00,18.489999771118164
2020-12-03 03:46:00,18.479999542236328
2020-12-03 03:47:00,18.469999313354492
2020-12-03 03:48:00,18.482500076293945
2020-12-03 03:49:00,18.479999542236328
2020-12-03 03:50:00,18.49690055847168
2020-12-03 03:51:00,18.5
2020-12-03 03:52:00,18.5049991607666
2020-12-03 03:53:00,18.489999771118164
2020-12-03 03:54:00,18.5
2020-12-03 03:55:00,18.4950008392334
2020-12-03 03:56:00,18.5
2020-12-03 03:57:00,18.4950008392334
2020-12-03 03:58:00,18.49489974975586
2020-12-03 03:59:00,18.491199493408203
2020-12-03 04:00:00,18.4950008392334
2020-12-03 04:01:00,18.4950008392334
2020-12-03 04:02:00,18.5
2020-12-03 04:03:00,18.479999542236328
2020-12-03 04:04:00,18.469999313354492
2020-12-03 04:05:00,18.4950008392334
2020-12-03 04:06:00,18.493000030517578
2020-12-03 04:07:00,18.492399215698242
2020-12-03 04:08:00,18.479999542236328
2020-12-03 04:09:00,18.479999542236328
2020-12-03 04:10:00,18.489999771118164
2020-12-03 04:11:00,18.479999542236328
2020-12-03 04:12:00,18.5
2020-12-03 04:13:00,18.479999542236328
2020-12-03 04:14:00,18.479999542236328
2020-12-03 04:15:00,18.4950008392334
2020-12-03 04:16:00,18.5049991607666
2020-12-03 04:17:00,18.4950008392334
2020-12-03 04:18:00,18.5049991607666
2020-12-03 04:19:00,18.520000457763672
2020-12-03 04:20:00,18.491600036621094
2020-12-03 04:21:00,18.5
2020-12-03 04:22:00,18.49209976196289
2020-12-03 04:23:00,18.4950008392334
2020-12-03 04:24:00,18.489999771118164
2020-12-03 04:25:00,18.490100860595703
2020-12-03 04:26:00,18.5
2020-12-03 04:27:00,18.5
2020-12-03 04:28:00,18.5049991607666
2020-12-03 04:29:00,18.489999771118164
2020-12-03 04:30:00,18.489999771118164
2020-12-03 04:31:00,18.510000228881836
2020-12-03 04:32:00,18.5049991607666
2020-12-03 04:33:00,18.5049991607666
2020-12-03 04:34:00,18.4950008392334
2020-12-03 04:35:00,18.485000610351562
2020-12-03 04:36:00,18.485000610351562
2020-12-03 04:37:00,18.5
2020-12-03 04:38:00,18.5049991607666
2020-12-03 04:39:00,18.5
2020-12-03 04:40:00,18.489999771118164
2020-12-03 04:41:00,18.5
2020-12-03 04:42:00,18.497699737548828
2020-12-03 04:43:00,18.5
2020-12-03 04:44:00,18.5049991607666
2020-12-03 04:45:00,18.5
2020-12-03 04:46:00,18.540000915527344
2020-12-03 04:47:00,18.549999237060547
2020-12-03 04:48:00,18.55500030517578
2020-12-03 04:49:00,18.545000076293945
2020-12-03 04:50:00,18.545000076293945
2020-12-03 04:51:00,18.540000915527344
2020-12-03 04:52:00,18.53499984741211
2020-12-03 04:53:00,18.545000076293945
2020-12-03 04:54:00,18.540000915527344
2020-12-03 04:55:00,18.53499984741211
2020-12-03 04:56:00,18.545000076293945
2020-12-03 04:57:00,18.540000915527344
2020-12-03 04:58:00,18.559999465942383
2020-12-03 04:59:00,18.56999969482422
2020-12-03 05:00:00,18.610000610351562
2020-12-03 05:01:00,18.6200008392334
2020-12-03 05:02:00,18.610000610351562
2020-12-03 05:03:00,18.604999542236328
2020-12-03 05:04:00,18.610000610351562
2020-12-03 05:05:00,18.612199783325195
2020-12-03 05:06:00,18.635000228881836
2020-12-03 05:07:00,18.620500564575195
2020-12-03 05:08:00,18.633100509643555
2020-12-03 05:09:00,18.635000228881836
2020-12-03 05:10:00,18.625
2020-12-03 05:11:00,18.63010025024414
2020-12-03 05:12:00,18.634899139404297
2020-12-03 05:13:00,18.635000228881836
2020-12-03 05:14:00,18.639999389648438
2020-12-03 05:15:00,18.649999618530273
2020-12-03 05:16:00,18.639999389648438
2020-12-03 05:17:00,18.6299991607666
2020-12-03 05:18:00,18.625
2020-12-03 05:19:00,18.625
2020-12-03 05:20:00,18.625
2020-12-03 05:21:00,18.625
2020-12-03 05:22:00,18.600000381469727
2020-12-03 05:23:00,18.59000015258789
2020-12-03 05:24:00,18.600000381469727
2020-12-03 05:25:00,18.584999084472656
2020-12-03 05:26:00,18.600000381469727
2020-12-03 05:27:00,18.600000381469727
2020-12-03 05:28:00,18.594999313354492
2020-12-03 05:29:00,18.59000015258789
2020-12-03 05:30:00,18.604999542236328
2020-12-03 05:31:00,18.604999542236328
2020-12-03 05:32:00,18.594999313354492
2020-12-03 05:33:00,18.604999542236328
2020-12-03 05:34:00,18.594999313354492
2020-12-03 05:35:00,18.594999313354492
2020-12-03 05:36:00,18.594999313354492
2020-12-03 05:37:00,18.600000381469727
2020-12-03 05:38:00,18.59000015258789
2020-12-03 05:39:00,18.584999084472656
2020-12-03 05:40:00,18.584999084472656
2020-12-03 05:41:00,18.610000610351562
2020-12-03 05:42:00,18.594999313354492
2020-12-03 05:43:00,18.584999084472656
2020-12-03 05:44:00,18.584999084472656
2020-12-03 05:45:00,18.604999542236328
2020-12-03 05:46:00,18.594999313354492
2020-12-03 05:47:00,18.594999313354492
2020-12-03 05:48:00,18.600000381469727
2020-12-03 05:49:00,18.600000381469727
2020-12-03 05:50:00,18.59000015258789
2020-12-03 05:51:00,18.579999923706055
2020-12-03 05:52:00,18.575000762939453
2020-12-03 05:53:00,18.545000076293945
2020-12-03 05:54:00,18.575000762939453
2020-12-03 05:55:00,18.55500030517578
2020-12-03 05:56:00,18.559999465942383
2020-12-03 05:57:00,18.579999923706055
2020-12-03 05:58:00,18.59000015258789
2020-12-03 05:59:00,18.579999923706055
2020-12-03 23:30:00,18.68000030517578
2020-12-03 23:31:00,18.575000762939453
2020-12-03 23:32:00,18.639999389648438
2020-12-03 23:33:00,18.68000030517578
2020-12-03 23:34:00,18.65999984741211
2020-12-03 23:35:00,18.6299991607666
2020-12-03 23:36:00,18.62700080871582
2020-12-03 23:37:00,18.6299991607666
2020-12-03 23:38:00,18.639999389648438
2020-12-03 23:39:00,18.600000381469727
2020-12-03 23:40:00,18.639999389648438
2020-12-03 23:41:00,18.649999618530273
2020-12-03 23:42:00,18.665000915527344
2020-12-03 23:43:00,18.639999389648438
2020-12-03 23:44:00,18.639999389648438
2020-12-03 23:45:00,18.6299991607666
2020-12-03 23:46:00,18.648000717163086
2020-12-03 23:47:00,18.655000686645508
2020-12-03 23:48:00,18.706600189208984
2020-12-03 23:49:00,18.689899444580078
2020-12-03 23:50:00,18.69499969482422
2020-12-03 23:51:00,18.69499969482422
2020-12-03 23:52:00,18.684999465942383
2020-12-03 23:53:00,18.69499969482422
2020-12-03 23:54:00,18.653799057006836
2020-12-03 23:55:00,18.635000228881836
2020-12-03 23:56:00,18.635000228881836
2020-12-03 23:57:00,18.639999389648438
2020-12-03 23:58:00,18.625
2020-12-03 23:59:00,18.610000610351562
2020-12-04 00:00:00,18.614999771118164
2020-12-04 00:01:00,18.627099990844727
2020-12-04 00:02:00,18.65999984741211
2020-12-04 00:03:00,18.63159942626953
2020-12-04 00:04:00,18.639999389648438
2020-12-04 00:05:00,18.60420036315918
2020-12-04 00:06:00,18.6299991607666
2020-12-04 00:07:00,18.639999389648438
2020-12-04 00:08:00,18.639999389648438
2020-12-04 00:09:00,18.670000076293945
2020-12-04 00:10:00,18.632999420166016
2020-12-04 00:11:00,18.635000228881836
2020-12-04 00:12:00,18.665000915527344
2020-12-04 00:13:00,18.670000076293945
2020-12-04 00:14:00,18.690000534057617
2020-12-04 00:15:00,18.674999237060547
2020-12-04 00:16:00,18.704999923706055
2020-12-04 00:17:00,18.690000534057617
2020-12-04 00:18:00,18.690099716186523
2020-12-04 00:19:00,18.709999084472656
2020-12-04 00:20:00,18.68000030517578
2020-12-04 00:21:00,18.68000030517578
2020-12-04 00:22:00,18.709999084472656
2020-12-04 00:23:00,18.700000762939453
2020-12-04 00:24:00,18.704999923706055
2020-12-04 00:25:00,18.70330047607422
2020-12-04 00:26:00,18.719999313354492
2020-12-04 00:27:00,18.709999084472656
2020-12-04 00:28:00,18.71339988708496
2020-12-04 00:29:00,18.69499969482422
2020-12-04 00:30:00,18.719999313354492
2020-12-04 00:31:00,18.725000381469727
2020-12-04 00:32:00,18.725000381469727
2020-12-04 00:33:00,18.735000610351562
2020-12-04 00:34:00,18.732999801635742
2020-12-04 00:35:00,18.725000381469727
2020-12-04 00:36:00,18.725000381469727
2020-12-04 00:37:00,18.729999542236328
2020-12-04 00:38:00,18.729999542236328
2020-12-04 00:39:00,18.725000381469727
2020-12-04 00:40:00,18.748199462890625
2020-12-04 00:41:00,18.725000381469727
2020-12-04 00:42:00,18.770000457763672
2020-12-04 00:43:00,18.764999389648438
2020-12-04 00:44:00,18.739999771118164
2020-12-04 00:45:00,18.729999542236328
2020-12-04 00:46:00,18.7450008392334
2020-12-04 00:47:00,18.75
2020-12-04 00:48:00,18.764999389648438
2020-12-04 00:49:00,18.774999618530273
2020-12-04 00:50:00,18.780000686645508
2020-12-04 00:51:00,18.780000686645508
2020-12-04 00:52:00,18.77680015563965
2020-12-04 00:53:00,18.790000915527344
2020-12-04 00:54:00,18.795000076293945
2020-12-04 00:55:00,18.800100326538086
2020-12-04 00:56:00,18.809999465942383
2020-12-04 00:57:00,18.825000762939453
2020-12-04 00:58:00,18.827299118041992
2020-12-04 00:59:00,18.84000015258789
2020-12-04 01:00:00,18.834999084472656
2020-12-04 01:01:00,18.860000610351562
2020-12-04 01:02:00,18.88629913330078
2020-12-04 01:03:00,18.900100708007812
2020-12-04 01:04:00,18.871000289916992
2020-12-04 01:05:00,18.885000228881836
2020-12-04 01:06:00,18.889999389648438
2020-12-04 01:07:00,18.905000686645508
2020-12-04 01:08:00,18.899999618530273
2020-12-04 01:09:00,18.899999618530273
2020-12-04 01:10:00,18.915000915527344
2020-12-04 01:11:00,18.924999237060547
2020-12-04 01:12:00,18.924999237060547
2020-12-04 01:13:00,18.934999465942383
2020-12-04 01:14:00,18.934999465942383
2020-12-04 01:15:00,18.93000030517578
2020-12-04 01:16:00,18.934999465942383
2020-12-04 01:17:00,18.94499969482422
2020-12-04 01:18:00,18.94499969482422
2020-12-04 01:19:00,18.94499969482422
2020-12-04 01:20:00,18.954999923706055
2020-12-04 01:21:00,18.954999923706055
2020-12-04 01:22:00,18.954999923706055
2020-12-04 01:23:00,18.95669937133789
2020-12-04 01:24:00,18.9689998626709
2020-12-04 01:25:00,18.96500015258789
2020-12-04 01:26:00,18.96500015258789
2020-12-04 01:27:00,18.985000610351562
2020-12-04 01:28:00,18.972999572753906
2020-12-04 01:29:00,18.954999923706055
2020-12-04 01:30:00,18.940000534057617
2020-12-04 01:31:00,18.93000030517578
2020-12-04 01:32:00,18.934999465942383
2020-12-04 01:33:00,18.950000762939453
2020-12-04 01:34:00,18.940000534057617
2020-12-04 01:35:00,18.905000686645508
2020-12-04 01:36:00,18.907400131225586
2020-12-04 01:37:00,18.92609977722168
2020-12-04 01:38:00,18.92609977722168
2020-12-04 01:39:00,18.929100036621094
2020-12-04 01:40:00,18.940000534057617
2020-12-04 01:41:00,18.934999465942383
2020-12-04 01:42:00,18.94499969482422
2020-12-04 01:43:00,18.934999465942383
2020-12-04 01:44:00,18.934999465942383
2020-12-04 01:45:00,18.940000534057617
2020-12-04 01:46:00,18.90999984741211
2020-12-04 01:47:00,18.895000457763672
2020-12-04 01:48:00,18.887399673461914
2020-12-04 01:49:00,18.875
2020-12-04 01:50:00,18.875
2020-12-04 01:51:00,18.875
2020-12-04 01:52:00,18.895000457763672
2020-12-04 01:53:00,18.895000457763672
2020-12-04 01:54:00,18.899999618530273
2020-12-04 01:55:00,18.905000686645508
2020-12-04 01:56:00,18.899999618530273
2020-12-04 01:57:00,18.889999389648438
2020-12-04 01:58:00,18.889999389648438
2020-12-04 01:59:00,18.8799991607666
2020-12-04 02:00:00,18.8799991607666
2020-12-04 02:01:00,18.875
2020-12-04 02:02:00,18.883100509643555
2020-12-04 02:03:00,18.889999389648438
2020-12-04 02:04:00,18.8799991607666
2020-12-04 02:05:00,18.885000228881836
2020-12-04 02:06:00,18.899999618530273
2020-12-04 02:07:00,18.94499969482422
2020-12-04 02:08:00,18.959999084472656
2020-12-04 02:09:00,18.950000762939453
2020-12-04 02:10:00,18.969999313354492
2020-12-04 02:11:00,18.959999084472656
2020-12-04 02:12:00,18.975000381469727
2020-12-04 02:13:00,18.969999313354492
2020-12-04 02:14:00,18.985000610351562
2020-12-04 02:15:00,18.98699951171875
2020-12-04 02:16:00,18.9950008392334
2020-12-04 02:17:00,19.014999389648438
2020-12-04 02:18:00,19.020000457763672
2020-12-04 02:19:00,19.020000457763672
2020-12-04 02:20:00,19.049999237060547
2020-12-04 02:21:00,19.040000915527344
2020-12-04 02:22:00,19.045000076293945
2020-12-04 02:23:00,19.03499984741211
2020-12-04 02:24:00,18.969999313354492
2020-12-04 02:25:00,18.954999923706055
2020-12-04 02:26:00,18.954999923706055
2020-12-04 02:27:00,18.96500015258789
2020-12-04 02:28:00,18.969999313354492
2020-12-04 02:29:00,18.979999542236328
2020-12-04 02:30:00,18.975000381469727
2020-12-04 02:31:00,18.96500015258789
2020-12-04 02:32:00,18.969999313354492
2020-12-04 02:33:00,18.975000381469727
2020-12-04 02:34:00,18.959999084472656
2020-12-04 02:35:00,18.950000762939453
2020-12-04 02:36:00,18.954999923706055
2020-12-04 02:37:00,18.954999923706055
2020-12-04 02:38:00,18.962299346923828
2020-12-04 02:39:00,18.969999313354492
2020-12-04 02:40:00,18.969999313354492
2020-12-04 02:41:00,18.975000381469727
2020-12-04 02:42:00,18.976699829101562
2020-12-04 02:43:00,18.975000381469727
2020-12-04 02:44:00,18.975099563598633
2020-12-04 02:45:00,18.969999313354492
2020-12-04 02:46:00,18.975000381469727
2020-12-04 02:47:00,18.959999084472656
2020-12-04 02:48:00,18.94499969482422
2020-12-04 02:49:00,18.940000534057617
2020-12-04 02:50:00,18.94499969482422
2020-12-04 02:51:00,18.950000762939453
2020-12-04 02:52:00,18.94499969482422
2020-12-04 02:53:00,18.959999084472656
2020-12-04 02:54:00,18.954999923706055
2020-12-04 02:55:00,18.94499969482422
2020-12-04 02:56:00,18.940000534057617
2020-12-04 02:57:00,18.950000762939453
2020-12-04 02:58:00,18.93000030517578
2020-12-04 02:59:00,18.934999465942383
2020-12-04 03:00:00,18.950000762939453
2020-12-04 03:01:00,18.954999923706055
2020-12-04 03:02:00,18.954999923706055
2020-12-04 03:03:00,18.954999923706055
2020-12-04 03:04:00,18.959999084472656
2020-12-04 03:05:00,18.954999923706055
2020-12-04 03:06:00,18.93000030517578
2020-12-04 03:07:00,18.94499969482422
2020-12-04 03:08:00,18.94499969482422
2020-12-04 03:09:00,18.950000762939453
2020-12-04 03:10:00,18.959999084472656
2020-12-04 03:11:00,18.967599868774414
2020-12-04 03:12:00,18.96500015258789
2020-12-04 03:13:00,18.979999542236328
2020-12-04 03:14:00,18.979999542236328
2020-12-04 03:15:00,18.985000610351562
2020-12-04 03:16:00,19.010000228881836
2020-12-04 03:17:00,19.0
2020-12-04 03:18:00,19.0
2020-12-04 03:19:00,18.989999771118164
2020-12-04 03:20:00,18.989999771118164
2020-12-04 03:21:00,18.9950008392334
2020-12-04 03:22:00,18.969999313354492
2020-12-04 03:23:00,18.985000610351562
2020-12-04 03:24:00,18.985000610351562
2020-12-04 03:25:00,18.975000381469727
2020-12-04 03:26:00,18.969999313354492
2020-12-04 03:27:00,18.96500015258789
2020-12-04 03:28:00,18.959999084472656
2020-12-04 03:29:00,18.978700637817383
2020-12-04 03:30:00,18.969999313354492
2020-12-04 03:31:00,18.979999542236328
2020-12-04 03:32:00,18.969999313354492
2020-12-04 03:33:00,18.97209930419922
2020-12-04 03:34:00,18.963899612426758
2020-12-04 03:35:00,18.959999084472656
2020-12-04 03:36:00,18.959999084472656
2020-12-04 03:37:00,18.940000534057617
2020-12-04 03:38:00,18.954999923706055
2020-12-04 03:39:00,18.950000762939453
2020-12-04 03:40:00,18.954999923706055
2020-12-04 03:41:00,18.93000030517578
2020-12-04 03:42:00,18.934999465942383
2020-12-04 03:43:00,18.950000762939453
2020-12-04 03:44:00,18.950000762939453
2020-12-04 03:45:00,18.96339988708496
2020-12-04 03:46:00,18.959999084472656
2020-12-04 03:47:00,18.954999923706055
2020-12-04 03:48:00,18.969999313354492
2020-12-04 03:49:00,18.975000381469727
2020-12-04 03:50:00,18.979999542236328
2020-12-04 03:51:00,18.9950008392334
2020-12-04 03:52:00,19.010000228881836
2020-12-04 03:53:00,19.0
2020-12-04 03:54:00,18.989999771118164
2020-12-04 03:55:00,19.0049991607666
2020-12-04 03:56:00,19.024999618530273
2020-12-04 03:57:00,19.030000686645508
2020-12-04 03:58:00,19.040000915527344
2020-12-04 03:59:00,19.049999237060547
2020-12-04 04:00:00,19.045000076293945
2020-12-04 04:01:00,19.045000076293945
2020-12-04 04:02:00,19.045000076293945
2020-12-04 04:03:00,19.045000076293945
2020-12-04 04:04:00,19.05500030517578
2020-12-04 04:05:00,19.059999465942383
2020-12-04 04:06:00,19.065000534057617
2020-12-04 04:07:00,19.075000762939453
2020-12-04 04:08:00,19.09000015258789
2020-12-04 04:09:00,19.084999084472656
2020-12-04 04:10:00,19.084999084472656
2020-12-04 04:11:00,19.079999923706055
2020-12-04 04:12:00,19.075000762939453
2020-12-04 04:13:00,19.100000381469727
2020-12-04 04:14:00,19.110000610351562
2020-12-04 04:15:00,19.1200008392334
2020-12-04 04:16:00,19.13559913635254
2020-12-04 04:17:00,19.145000457763672
2020-12-04 04:18:00,19.170000076293945
2020-12-04 04:19:00,19.18000030517578
2020-12-04 04:20:00,19.18000030517578
2020-12-04 04:21:00,19.170000076293945
2020-12-04 04:22:00,19.18000030517578
2020-12-04 04:23:00,19.190000534057617
2020-12-04 04:24:00,19.219999313354492
2020-12-04 04:25:00,19.204999923706055
2020-12-04 04:26:00,19.21500015258789
2020-12-04 04:27:00,19.222400665283203
2020-12-04 04:28:00,19.229999542236328
2020-12-04 04:29:00,19.229999542236328
2020-12-04 04:30:00,19.235000610351562
2020-12-04 04:31:00,19.239999771118164
2020-12-04 04:32:00,19.2549991607666
2020-12-04 04:33:00,19.260000228881836
2020-12-04 04:34:00,19.2549991607666
2020-12-04 04:35:00,19.260000228881836
2020-12-04 04:36:00,19.209999084472656
2020-12-04 04:37:00,19.19700050354004
2020-12-04 04:38:00,19.200000762939453
2020-12-04 04:39:00,19.190000534057617
2020-12-04 04:40:00,19.187700271606445
2020-12-04 04:41:00,19.190000534057617
2020-12-04 04:42:00,19.170000076293945
2020-12-04 04:43:00,19.15999984741211
2020-12-04 04:44:00,19.170000076293945
2020-12-04 04:45:00,19.18000030517578
2020-12-04 04:46:00,19.17259979248047
2020-12-04 04:47:00,19.18000030517578
2020-12-04 04:48:00,19.170000076293945
2020-12-04 04:49:00,19.165000915527344
2020-12-04 04:50:00,19.15999984741211
2020-12-04 04:51:00,19.174999237060547
2020-12-04 04:52:00,19.170000076293945
2020-12-04 04:53:00,19.170000076293945
2020-12-04 04:54:00,19.149999618530273
2020-12-04 04:55:00,19.135000228881836
2020-12-04 04:56:00,19.13279914855957
2020-12-04 04:57:00,19.149999618530273
2020-12-04 04:58:00,19.168399810791016
2020-12-04 04:59:00,19.165000915527344
2020-12-04 05:00:00,19.155000686645508
2020-12-04 05:01:00,19.165000915527344
2020-12-04 05:02:00,19.155000686645508
2020-12-04 05:03:00,19.152099609375
2020-12-04 05:04:00,19.149999618530273
2020-12-04 05:05:00,19.15999984741211
2020-12-04 05:06:00,19.15999984741211
2020-12-04 05:07:00,19.174999237060547
2020-12-04 05:08:00,19.165000915527344
2020-12-04 05:09:00,19.15999984741211
2020-12-04 05:10:00,19.165800094604492
2020-12-04 05:11:00,19.18000030517578
2020-12-04 05:12:00,19.174999237060547
2020-12-04 05:13:00,19.190000534057617
2020-12-04 05:14:00,19.190000534057617
2020-12-04 05:15:00,19.190000534057617
2020-12-04 05:16:00,19.190000534057617
2020-12-04 05:17:00,19.174999237060547
2020-12-04 05:18:00,19.174999237060547
2020-12-04 05:19:00,19.20840072631836
2020-12-04 05:20:00,19.21500015258789
2020-12-04 05:21:00,19.2189998626709
2020-12-04 05:22:00,19.225000381469727
2020-12-04 05:23:00,19.21500015258789
2020-12-04 05:24:00,19.21500015258789
2020-12-04 05:25:00,19.211299896240234
2020-12-04 05:26:00,19.219999313354492
2020-12-04 05:27:00,19.219999313354492
2020-12-04 05:28:00,19.219999313354492
2020-12-04 05:29:00,19.209999084472656
2020-12-04 05:30:00,19.204999923706055
2020-12-04 05:31:00,19.19499969482422
2020-12-04 05:32:00,19.190000534057617
2020-12-04 05:33:00,19.18000030517578
2020-12-04 05:34:00,19.18269920349121
2020-12-04 05:35:00,19.18000030517578
2020-12-04 05:36:00,19.184999465942383
2020-12-04 05:37:00,19.145000457763672
2020-12-04 05:38:00,19.139999389648438
2020-12-04 05:39:00,19.104999542236328
2020-12-04 05:40:00,19.09000015258789
2020-12-04 05:41:00,19.065000534057617
2020-12-04 05:42:00,19.045000076293945
2020-12-04 05:43:00,19.06999969482422
2020-12-04 05:44:00,19.1299991607666
2020-12-04 05:45:00,19.100000381469727
2020-12-04 05:46:00,19.110000610351562
2020-12-04 05:47:00,19.125
2020-12-04 05:48:00,19.139999389648438
2020-12-04 05:49:00,19.1299991607666
2020-12-04 05:50:00,19.104999542236328
2020-12-04 05:51:00,19.100000381469727
2020-12-04 05:52:00,19.100000381469727
2020-12-04 05:53:00,19.094999313354492
2020-12-04 05:54:00,19.084999084472656
2020-12-04 05:55:00,19.104999542236328
2020-12-04 05:56:00,19.094999313354492
2020-12-04 05:57:00,19.084999084472656
2020-12-04 05:58:00,19.09160041809082
2020-12-04 05:59:00,19.110000610351562
2020-12-04 23:30:00,19.06999969482422
2020-12-04 23:31:00,19.09000015258789
2020-12-04 23:32:00,19.100000381469727
2020-12-04 23:33:00,19.06999969482422
2020-12-04 23:34:00,19.1299991607666
2020-12-04 23:35:00,19.075000762939453
2020-12-04 23:36:00,19.024999618530273
2020-12-04 23:37:00,19.024999618530273
2020-12-04 23:38:00,19.059999465942383
2020-12-04 23:39:00,19.079999923706055
2020-12-04 23:40:00,19.110000610351562
2020-12-04 23:41:00,19.15999984741211
2020-12-04 23:42:00,19.06999969482422
2020-12-04 23:43:00,19.06999969482422
2020-12-04 23:44:00,19.06999969482422
2020-12-04 23:45:00,19.06999969482422
2020-12-04 23:46:00,19.075000762939453
2020-12-04 23:47:00,19.09000015258789
2020-12-04 23:48:00,19.079999923706055
2020-12-04 23:49:00,19.075000762939453
2020-12-04 23:50:00,19.104999542236328
2020-12-04 23:51:00,19.075000762939453
2020-12-04 23:52:00,19.079999923706055
2020-12-04 23:53:00,19.094999313354492
2020-12-04 23:54:00,19.094999313354492
2020-12-04 23:55:00,19.06999969482422
2020-12-04 23:56:00,19.114999771118164
2020-12-04 23:57:00,19.1200008392334
2020-12-04 23:58:00,19.100000381469727
2020-12-04 23:59:00,19.104999542236328
2020-12-05 00:00:00,19.125
2020-12-05 00:01:00,19.110000610351562
2020-12-05 00:02:00,19.100000381469727
2020-12-05 00:03:00,19.1200008392334
2020-12-05 00:04:00,19.1299991607666
2020-12-05 00:05:00,19.1200008392334
2020-12-05 00:06:00,19.12150001525879
2020-12-05 00:07:00,19.100000381469727
2020-12-05 00:08:00,19.100000381469727
2020-12-05 00:09:00,19.059999465942383
2020-12-05 00:10:00,19.075000762939453
2020-12-05 00:11:00,19.020000457763672
2020-12-05 00:12:00,19.010000228881836
2020-12-05 00:13:00,19.014999389648438
2020-12-05 00:14:00,18.989999771118164
2020-12-05 00:15:00,19.0049991607666
2020-12-05 00:16:00,18.979999542236328
2020-12-05 00:17:00,19.049999237060547
2020-12-05 00:18:00,19.05900001525879
2020-12-05 00:19:00,19.049999237060547
2020-12-05 00:20:00,19.049999237060547
2020-12-05 00:21:00,19.049999237060547
2020-12-05 00:22:00,19.065000534057617
2020-12-05 00:23:00,19.065000534057617
2020-12-05 00:24:00,19.075000762939453
2020-12-05 00:25:00,19.084999084472656
2020-12-05 00:26:00,19.06999969482422
2020-12-05 00:27:00,19.084999084472656
2020-12-05 00:28:00,19.084999084472656
2020-12-05 00:29:00,19.094999313354492
2020-12-05 00:30:00,19.107099533081055
2020-12-05 00:31:00,19.1200008392334
2020-12-05 00:32:00,19.125
2020-12-05 00:33:00,19.114999771118164
2020-12-05 00:34:00,19.114999771118164
2020-12-05 00:35:00,19.1200008392334
2020-12-05 00:36:00,19.125
2020-12-05 00:37:00,19.121599197387695
2020-12-05 00:38:00,19.09160041809082
2020-12-05 00:39:00,19.1200008392334
2020-12-05 00:40:00,19.114999771118164
2020-12-05 00:41:00,19.1200008392334
2020-12-05 00:42:00,19.127700805664062
2020-12-05 00:43:00,19.134300231933594
2020-12-05 00:44:00,19.13559913635254
2020-12-05 00:45:00,19.135000228881836
2020-12-05 00:46:00,19.135000228881836
2020-12-05 00:47:00,19.13409996032715
2020-12-05 00:48:00,19.13990020751953
2020-12-05 00:49:00,19.1200008392334
2020-12-05 00:50:00,19.135000228881836
2020-12-05 00:51:00,19.132299423217773
2020-12-05 00:52:00,19.128400802612305
2020-12-05 00:53:00,19.1299991607666
2020-12-05 00:54:00,19.139999389648438
2020-12-05 00:55:00,19.137699127197266
2020-12-05 00:56:00,19.13159942626953
2020-12-05 00:57:00,19.1200008392334
2020-12-05 00:58:00,19.114999771118164
2020-12-05 00:59:00,19.1200008392334
2020-12-05 01:00:00,19.125
2020-12-05 01:01:00,19.120399475097656
2020-12-05 01:02:00,19.110000610351562
2020-12-05 01:03:00,19.110000610351562
2020-12-05 01:04:00,19.110000610351562
2020-12-05 01:05:00,19.094999313354492
2020-12-05 01:06:00,19.094999313354492
2020-12-05 01:07:00,19.084999084472656
2020-12-05 01:08:00,19.100000381469727
2020-12-05 01:09:00,19.094999313354492
2020-12-05 01:10:00,19.084999084472656
2020-12-05 01:11:00,19.075000762939453
2020-12-05 01:12:00,19.065000534057617
2020-12-05 01:13:00,19.049999237060547
2020-12-05 01:14:00,19.049999237060547
2020-12-05 01:15:00,19.045000076293945
2020-12-05 01:16:00,19.059999465942383
2020-12-05 01:17:00,19.06999969482422
2020-12-05 01:18:00,19.065000534057617
2020-12-05 01:19:00,19.075000762939453
2020-12-05 01:20:00,19.075000762939453
2020-12-05 01:21:00,19.084999084472656
2020-12-05 01:22:00,19.09000015258789
2020-12-05 01:23:00,19.100000381469727
2020-12-05 01:24:00,19.100000381469727
2020-12-05 01:25:00,19.100000381469727
2020-12-05 01:26:00,19.110000610351562
2020-12-05 01:27:00,19.094999313354492
2020-12-05 01:28:00,19.109899520874023
2020-12-05 01:29:00,19.100000381469727
2020-12-05 01:30:00,19.104999542236328
2020-12-05 01:31:00,19.102499961853027
2020-12-05 01:32:00,19.104999542236328
2020-12-05 01:33:00,19.094999313354492
2020-12-05 01:34:00,19.110000610351562
2020-12-05 01:35:00,19.100900650024414
2020-12-05 01:36:00,19.114999771118164
2020-12-05 01:37:00,19.110000610351562
2020-12-05 01:38:00,19.110000610351562
2020-12-05 01:39:00,19.094999313354492
2020-12-05 01:40:00,19.104400634765625
2020-12-05 01:41:00,19.10059928894043
2020-12-05 01:42:00,19.104999542236328
2020-12-05 01:43:00,19.104999542236328
2020-12-05 01:44:00,19.110000610351562
2020-12-05 01:45:00,19.091999053955078
2020-12-05 01:46:00,19.094999313354492
2020-12-05 01:47:00,19.094999313354492
2020-12-05 01:48:00,19.110000610351562
2020-12-05 01:49:00,19.110000610351562
2020-12-05 01:50:00,19.114999771118164
2020-12-05 01:51:00,19.1200008392334
2020-12-05 01:52:00,19.14859962463379
2020-12-05 01:53:00,19.170000076293945
2020-12-05 01:54:00,19.174999237060547
2020-12-05 01:55:00,19.155000686645508
2020-12-05 01:56:00,19.146799087524414
2020-12-05 01:57:00,19.149999618530273
2020-12-05 01:58:00,19.15999984741211
2020-12-05 01:59:00,19.139999389648438
2020-12-05 02:00:00,19.18000030517578
2020-12-05 02:01:00,19.190000534057617
2020-12-05 02:02:00,19.190000534057617
2020-12-05 02:03:00,19.180099487304688
2020-12-05 02:04:00,19.190000534057617
2020-12-05 02:05:00,19.185050010681152
2020-12-05 02:06:00,19.15999984741211
2020-12-05 02:07:00,19.149999618530273
2020-12-05 02:08:00,19.149999618530273
2020-12-05 02:09:00,19.165000915527344
2020-12-05 02:10:00,19.15999984741211
2020-12-05 02:11:00,19.175600051879883
2020-12-05 02:12:00,19.156400680541992
2020-12-05 02:13:00,19.170000076293945
2020-12-05 02:14:00,19.16670036315918
2020-12-05 02:15:00,19.15999984741211
2020-12-05 02:16:00,19.149999618530273
2020-12-05 02:17:00,19.15999984741211
2020-12-05 02:18:00,19.15999984741211
2020-12-05 02:19:00,19.16390037536621
2020-12-05 02:20:00,19.15999984741211
2020-12-05 02:21:00,19.165000915527344
2020-12-05 02:22:00,19.15999984741211
2020-12-05 02:23:00,19.168399810791016
2020-12-05 02:24:00,19.159900665283203
2020-12-05 02:25:00,19.149999618530273
2020-12-05 02:26:00,19.155000686645508
2020-12-05 02:27:00,19.155000686645508
2020-12-05 02:28:00,19.174999237060547
2020-12-05 02:29:00,19.18560028076172
2020-12-05 02:30:00,19.190000534057617
2020-12-05 02:31:00,19.190000534057617
2020-12-05 02:32:00,19.18000030517578
2020-12-05 02:33:00,19.190900802612305
2020-12-05 02:34:00,19.19499969482422
2020-12-05 02:35:00,19.190000534057617
2020-12-05 02:36:00,19.186800003051758
2020-12-05 02:37:00,19.190000534057617
2020-12-05 02:38:00,19.190000534057617
2020-12-05 02:39:00,19.18589973449707
2020-12-05 02:40:00,19.193199157714844
2020-12-05 02:41:00,19.184999465942383
2020-12-05 02:42:00,19.18199920654297
2020-12-05 02:43:00,19.18199920654297
2020-12-05 02:44:00,19.184999465942383
2020-12-05 02:45:00,19.184999465942383
2020-12-05 02:46:00,19.19499969482422
2020-12-05 02:47:00,19.190000534057617
2020-12-05 02:48:00,19.190000534057617
2020-12-05 02:49:00,19.19499969482422
2020-12-05 02:50:00,19.1924991607666
2020-12-05 02:51:00,19.19499969482422
2020-12-05 02:52:00,19.190000534057617
2020-12-05 02:53:00,19.19499969482422
2020-12-05 02:54:00,19.184600830078125
2020-12-05 02:55:00,19.2091007232666
2020-12-05 02:56:00,19.218399047851562
2020-12-05 02:57:00,19.211999893188477
2020-12-05 02:58:00,19.21500015258789
2020-12-05 02:59:00,19.21500015258789
2020-12-05 03:00:00,19.219999313354492
2020-12-05 03:01:00,19.19499969482422
2020-12-05 03:02:00,19.184999465942383
2020-12-05 03:03:00,19.190000534057617
2020-12-05 03:04:00,19.19849967956543
2020-12-05 03:05:00,19.200000762939453
2020-12-05 03:06:00,19.200000762939453
2020-12-05 03:07:00,19.199199676513672
2020-12-05 03:08:00,19.204999923706055
2020-12-05 03:09:00,19.200000762939453
2020-12-05 03:10:00,19.209999084472656
2020-12-05 03:11:00,19.19499969482422
2020-12-05 03:12:00,19.200000762939453
2020-12-05 03:13:00,19.19499969482422
2020-12-05 03:14:00,19.19499969482422
2020-12-05 03:15:00,19.19230079650879
2020-12-05 03:16:00,19.200000762939453
2020-12-05 03:17:00,19.1919002532959
2020-12-05 03:18:00,19.200000762939453
2020-12-05 03:19:00,19.200000762939453
2020-12-05 03:20:00,19.19499969482422
2020-12-05 03:21:00,19.204999923706055
2020-12-05 03:22:00,19.20509910583496
2020-12-05 03:23:00,19.21500015258789
2020-12-05 03:24:00,19.21500015258789
2020-12-05 03:25:00,19.211599349975586
2020-12-05 03:26:00,19.21500015258789
2020-12-05 03:27:00,19.200000762939453
2020-12-05 03:28:00,19.19499969482422
2020-12-05 03:29:00,19.198400497436523
2020-12-05 03:30:00,19.198999404907227
2020-12-05 03:31:00,19.204999923706055
2020-12-05 03:32:00,19.209999084472656
2020-12-05 03:33:00,19.21500015258789
2020-12-05 03:34:00,19.225000381469727
2020-12-05 03:35:00,19.222000122070312
2020-12-05 03:36:00,19.219900131225586
2020-12-05 03:37:00,19.21500015258789
2020-12-05 03:38:00,19.219999313354492
2020-12-05 03:39:00,19.212499618530273
2020-12-05 03:40:00,19.239999771118164
2020-12-05 03:41:00,19.2450008392334
2020-12-05 03:42:00,19.24799919128418
2020-12-05 03:43:00,19.225000381469727
2020-12-05 03:44:00,19.21500015258789
2020-12-05 03:45:00,19.21500015258789
2020-12-05 03:46:00,19.217899322509766
2020-12-05 03:47:00,19.216449737548828
2020-12-05 03:48:00,19.21500015258789
2020-12-05 03:49:00,19.21500015258789
2020-12-05 03:50:00,19.200000762939453
2020-12-05 03:51:00,19.200000762939453
2020-12-05 03:52:00,19.200700759887695
2020-12-05 03:53:00,19.200000762939453
2020-12-05 03:54:00,19.21500015258789
2020-12-05 03:55:00,19.209999084472656
2020-12-05 03:56:00,19.204999923706055
2020-12-05 03:57:00,19.204999923706055
2020-12-05 03:58:00,19.200000762939453
2020-12-05 03:59:00,19.200000762939453
2020-12-05 04:00:00,19.204999923706055
2020-12-05 04:01:00,19.200000762939453
2020-12-05 04:02:00,19.209999084472656
2020-12-05 04:03:00,19.209999084472656
2020-12-05 04:04:00,19.209999084472656
2020-12-05 04:05:00,19.209999084472656
2020-12-05 04:06:00,19.219999313354492
2020-12-05 04:07:00,19.219999313354492
2020-12-05 04:08:00,19.210100173950195
2020-12-05 04:09:00,19.219999313354492
2020-12-05 04:10:00,19.219999313354492
2020-12-05 04:11:00,19.219999313354492
2020-12-05 04:12:00,19.235000610351562
2020-12-05 04:13:00,19.229999542236328
2020-12-05 04:14:00,19.2450008392334
2020-12-05 04:15:00,19.229999542236328
2020-12-05 04:16:00,19.229999542236328
2020-12-05 04:17:00,19.219999313354492
2020-12-05 04:18:00,19.219999313354492
2020-12-05 04:19:00,19.229999542236328
2020-12-05 04:20:00,19.222299575805664
2020-12-05 04:21:00,19.229999542236328
2020-12-05 04:22:00,19.200000762939453
2020-12-05 04:23:00,19.200000762939453
2020-12-05 04:24:00,19.165000915527344
2020-12-05 04:25:00,19.15839958190918
2020-12-05 04:26:00,19.170000076293945
2020-12-05 04:27:00,19.114999771118164
2020-12-05 04:28:00,19.1299991607666
2020-12-05 04:29:00,19.155000686645508
2020-12-05 04:30:00,19.16990089416504
2020-12-05 04:31:00,19.18000030517578
2020-12-05 04:32:00,19.174999237060547
2020-12-05 04:33:00,19.170000076293945
2020-12-05 04:34:00,19.165000915527344
2020-12-05 04:35:00,19.155000686645508
2020-12-05 04:36:00,19.145000457763672
2020-12-05 04:37:00,19.146400451660156
2020-12-05 04:38:00,19.145000457763672
2020-12-05 04:39:00,19.145000457763672
2020-12-05 04:40:00,19.149999618530273
2020-12-05 04:41:00,19.15999984741211
2020-12-05 04:42:00,19.15999984741211
2020-12-05 04:43:00,19.170000076293945
2020-12-05 04:44:00,19.15999984741211
2020-12-05 04:45:00,19.155000686645508
2020-12-05 04:46:00,19.159500122070312
2020-12-05 04:47:00,19.155000686645508
2020-12-05 04:48:00,19.15999984741211
2020-12-05 04:49:00,19.155000686645508
2020-12-05 04:50:00,19.158000946044922
2020-12-05 04:51:00,19.1200008392334
2020-12-05 04:52:00,19.149999618530273
2020-12-05 04:53:00,19.141599655151367
2020-12-05 04:54:00,19.149999618530273
2020-12-05 04:55:00,19.155500411987305
2020-12-05 04:56:00,19.155000686645508
2020-12-05 04:57:00,19.149999618530273
2020-12-05 04:58:00,19.149999618530273
2020-12-05 04:59:00,19.15999984741211
2020-12-05 05:00:00,19.15999984741211
2020-12-05 05:01:00,19.165000915527344
2020-12-05 05:02:00,19.170000076293945
2020-12-05 05:03:00,19.170000076293945
2020-12-05 05:04:00,19.170000076293945
2020-12-05 05:05:00,19.174999237060547
2020-12-05 05:06:00,19.18000030517578
2020-12-05 05:07:00,19.18000030517578
2020-12-05 05:08:00,19.18000030517578
2020-12-05 05:09:00,19.1968994140625
2020-12-05 05:10:00,19.18000030517578
2020-12-05 05:11:00,19.190000534057617
2020-12-05 05:12:00,19.18000030517578
2020-12-05 05:13:00,19.170000076293945
2020-12-05 05:14:00,19.165000915527344
2020-12-05 05:15:00,19.170000076293945
2020-12-05 05:16:00,19.200000762939453
2020-12-05 05:17:00,19.18000030517578
2020-12-05 05:18:00,19.18000030517578
2020-12-05 05:19:00,19.18000030517578
2020-12-05 05:20:00,19.174999237060547
2020-12-05 05:21:00,19.18000030517578
2020-12-05 05:22:00,19.18000030517578
2020-12-05 05:23:00,19.184999465942383
2020-12-05 05:24:00,19.190000534057617
2020-12-05 05:25:00,19.19499969482422
2020-12-05 05:26:00,19.200000762939453
2020-12-05 05:27:00,19.184999465942383
2020-12-05 05:28:00,19.190000534057617
2020-12-05 05:29:00,19.19099998474121
2020-12-05 05:30:00,19.21500015258789
2020-12-05 05:31:00,19.209999084472656
2020-12-05 05:32:00,19.200000762939453
2020-12-05 05:33:00,19.19499969482422
2020-12-05 05:34:00,19.209999084472656
2020-12-05 05:35:00,19.190000534057617
2020-12-05 05:36:00,19.18440055847168
2020-12-05 05:37:00,19.184999465942383
2020-12-05 05:38:00,19.188400268554688
2020-12-05 05:39:00,19.190000534057617
2020-12-05 05:40:00,19.200000762939453
2020-12-05 05:41:00,19.204999923706055
2020-12-05 05:42:00,19.209999084472656
2020-12-05 05:43:00,19.219999313354492
2020-12-05 05:44:00,19.209999084472656
2020-12-05 05:45:00,19.202800750732422
2020-12-05 05:46:00,19.209999084472656
2020-12-05 05:47:00,19.19499969482422
2020-12-05 05:48:00,19.209999084472656
2020-12-05 05:49:00,19.209999084472656
2020-12-05 05:50:00,19.204999923706055
2020-12-05 05:51:00,19.21500015258789
2020-12-05 05:52:00,19.229999542236328
2020-12-05 05:53:00,19.2450008392334
2020-12-05 05:54:00,19.235000610351562
2020-12-05 05:55:00,19.25
2020-12-05 05:56:00,19.2549991607666
2020-12-05 05:57:00,19.280000686645508
2020-12-05 05:58:00,19.270000457763672
2020-12-05 05:59:00,19.270000457763672
2020-12-07 23:30:00,19.440000534057617
2020-12-07 23:31:00,19.468000411987305
2020-12-07 23:32:00,19.459999084472656
2020-12-07 23:33:00,19.44499969482422
2020-12-07 23:34:00,19.450000762939453
2020-12-07 23:35:00,19.459999084472656
2020-12-07 23:36:00,19.424999237060547
2020-12-07 23:37:00,19.405000686645508
2020-12-07 23:38:00,19.3799991607666
2020-12-07 23:39:00,19.375
2020-12-07 23:40:00,19.389999389648438
2020-12-07 23:41:00,19.395000457763672
2020-12-07 23:42:00,19.385000228881836
2020-12-07 23:43:00,19.375
2020-12-07 23:44:00,19.364999771118164
2020-12-07 23:45:00,19.3799991607666
2020-12-07 23:46:00,19.375
2020-12-07 23:47:00,19.3799991607666
2020-12-07 23:48:00,19.3700008392334
2020-12-07 23:49:00,19.364999771118164
2020-12-07 23:50:00,19.336200714111328
2020-12-07 23:51:00,19.334999084472656
2020-12-07 23:52:00,19.329999923706055
2020-12-07 23:53:00,19.325000762939453
2020-12-07 23:54:00,19.31999969482422
2020-12-07 23:55:00,19.344100952148438
2020-12-07 23:56:00,19.334999084472656
2020-12-07 23:57:00,19.334999084472656
2020-12-07 23:58:00,19.315799713134766
2020-12-07 23:59:00,19.360000610351562
2020-12-08 00:00:00,19.344999313354492
2020-12-08 00:01:00,19.350000381469727
2020-12-08 00:02:00,19.385000228881836
2020-12-08 00:03:00,19.3700008392334
2020-12-08 00:04:00,19.388399124145508
2020-12-08 00:05:00,19.389999389648438
2020-12-08 00:06:00,19.40999984741211
2020-12-08 00:07:00,19.405000686645508
2020-12-08 00:08:00,19.403400421142578
2020-12-08 00:09:00,19.399999618530273
2020-12-08 00:10:00,19.405000686645508
2020-12-08 00:11:00,19.399999618530273
2020-12-08 00:12:00,19.420000076293945
2020-12-08 00:13:00,19.420000076293945
2020-12-08 00:14:00,19.399999618530273
2020-12-08 00:15:00,19.395000457763672
2020-12-08 00:16:00,19.399999618530273
2020-12-08 00:17:00,19.420000076293945
2020-12-08 00:18:00,19.450000762939453
2020-12-08 00:19:00,19.424999237060547
2020-12-08 00:20:00,19.434999465942383
2020-12-08 00:21:00,19.459999084472656
2020-12-08 00:22:00,19.450000762939453
2020-12-08 00:23:00,19.469999313354492
2020-12-08 00:24:00,19.485000610351562
2020-12-08 00:25:00,19.4950008392334
2020-12-08 00:26:00,19.503000259399414
2020-12-08 00:27:00,19.5
2020-12-08 00:28:00,19.4950008392334
2020-12-08 00:29:00,19.4950008392334
2020-12-08 00:30:00,19.4950008392334
2020-12-08 00:31:00,19.5
2020-12-08 00:32:00,19.4950008392334
2020-12-08 00:33:00,19.4950008392334
2020-12-08 00:34:00,19.4950008392334
2020-12-08 00:35:00,19.4950008392334
2020-12-08 00:36:00,19.479999542236328
2020-12-08 00:37:00,19.485000610351562
2020-12-08 00:38:00,19.487699508666992
2020-12-08 00:39:00,19.48550033569336
2020-12-08 00:40:00,19.469999313354492
2020-12-08 00:41:00,19.475000381469727
2020-12-08 00:42:00,19.440000534057617
2020-12-08 00:43:00,19.44499969482422
2020-12-08 00:44:00,19.424999237060547
2020-12-08 00:45:00,19.415000915527344
2020-12-08 00:46:00,19.43000030517578
2020-12-08 00:47:00,19.424999237060547
2020-12-08 00:48:00,19.424999237060547
2020-12-08 00:49:00,19.420000076293945
2020-12-08 00:50:00,19.424999237060547
2020-12-08 00:51:00,19.424999237060547
2020-12-08 00:52:00,19.43000030517578
2020-12-08 00:53:00,19.440000534057617
2020-12-08 00:54:00,19.434999465942383
2020-12-08 00:55:00,19.43000030517578
2020-12-08 00:56:00,19.445899963378906
2020-12-08 00:57:00,19.459999084472656
2020-12-08 00:58:00,19.440000534057617
2020-12-08 00:59:00,19.454999923706055
2020-12-08 01:00:00,19.454999923706055
2020-12-08 01:01:00,19.469999313354492
2020-12-08 01:02:00,19.475000381469727
2020-12-08 01:03:00,19.5
2020-12-08 01:04:00,19.5049991607666
2020-12-08 01:05:00,19.5
2020-12-08 01:06:00,19.503599166870117
2020-12-08 01:07:00,19.514999389648438
2020-12-08 01:08:00,19.521900177001953
2020-12-08 01:09:00,19.530000686645508
2020-12-08 01:10:00,19.53499984741211
2020-12-08 01:11:00,19.53499984741211
2020-12-08 01:12:00,19.53499984741211
2020-12-08 01:13:00,19.53499984741211
2020-12-08 01:14:00,19.545000076293945
2020-12-08 01:15:00,19.545000076293945
2020-12-08 01:16:00,19.540000915527344
2020-12-08 01:17:00,19.548999786376953
2020-12-08 01:18:00,19.545000076293945
2020-12-08 01:19:00,19.545000076293945
2020-12-08 01:20:00,19.55500030517578
2020-12-08 01:21:00,19.559999465942383
2020-12-08 01:22:00,19.559999465942383
2020-12-08 01:23:00,19.540000915527344
2020-12-08 01:24:00,19.540000915527344
2020-12-08 01:25:00,19.56839942932129
2020-12-08 01:26:00,19.575000762939453
2020-12-08 01:27:00,19.59000015258789
2020-12-08 01:28:00,19.600000381469727
2020-12-08 01:29:00,19.579999923706055
2020-12-08 01:30:00,19.587499618530273
2020-12-08 01:31:00,19.59000015258789
2020-12-08 01:32:00,19.559999465942383
2020-12-08 01:33:00,19.559999465942383
2020-12-08 01:34:00,19.55500030517578
2020-12-08 01:35:00,19.557499885559082
2020-12-08 01:36:00,19.524999618530273
2020-12-08 01:37:00,19.541249752044678
2020-12-08 01:38:00,19.530000686645508
2020-12-08 01:39:00,19.53380012512207
2020-12-08 01:40:00,19.53510093688965
2020-12-08 01:41:00,19.540000915527344
2020-12-08 01:42:00,19.53499984741211
2020-12-08 01:43:00,19.53499984741211
2020-12-08 01:44:00,19.53499984741211
2020-12-08 01:45:00,19.514999389648438
2020-12-08 01:46:00,19.520000457763672
2020-12-08 01:47:00,19.50160026550293
2020-12-08 01:48:00,19.514999389648438
2020-12-08 01:49:00,19.52429962158203
2020-12-08 01:50:00,19.530000686645508
2020-12-08 01:51:00,19.545000076293945
2020-12-08 01:52:00,19.549999237060547
2020-12-08 01:53:00,19.520000457763672
2020-12-08 01:54:00,19.5049991607666
2020-12-08 01:55:00,19.5049991607666
2020-12-08 01:56:00,19.5
2020-12-08 01:57:00,19.5049991607666
2020-12-08 01:58:00,19.5
2020-12-08 01:59:00,19.5
2020-12-08 02:00:00,19.489999771118164
2020-12-08 02:01:00,19.489999771118164
2020-12-08 02:02:00,19.485000610351562
2020-12-08 02:03:00,19.5049991607666
2020-12-08 02:04:00,19.5049991607666
2020-12-08 02:05:00,19.489999771118164
2020-12-08 02:06:00,19.5049991607666
2020-12-08 02:07:00,19.508399963378906
2020-12-08 02:08:00,19.510000228881836
2020-12-08 02:09:00,19.520000457763672
2020-12-08 02:10:00,19.530000686645508
2020-12-08 02:11:00,19.530000686645508
2020-12-08 02:12:00,19.530000686645508
2020-12-08 02:13:00,19.538999557495117
2020-12-08 02:14:00,19.540000915527344
2020-12-08 02:15:00,19.53499984741211
2020-12-08 02:16:00,19.544099807739258
2020-12-08 02:17:00,19.549999237060547
2020-12-08 02:18:00,19.600000381469727
2020-12-08 02:19:00,19.610000610351562
2020-12-08 02:20:00,19.600000381469727
2020-12-08 02:21:00,19.601600646972656
2020-12-08 02:22:00,19.604999542236328
2020-12-08 02:23:00,19.600000381469727
2020-12-08 02:24:00,19.604999542236328
2020-12-08 02:25:00,19.610000610351562
2020-12-08 02:26:00,19.6200008392334
2020-12-08 02:27:00,19.611000061035156
2020-12-08 02:28:00,19.639999389648438
2020-12-08 02:29:00,19.639999389648438
2020-12-08 02:30:00,19.614999771118164
2020-12-08 02:31:00,19.614999771118164
2020-12-08 02:32:00,19.594999313354492
2020-12-08 02:33:00,19.594999313354492
2020-12-08 02:34:00,19.610000610351562
2020-12-08 02:35:00,19.614599227905273
2020-12-08 02:36:00,19.6299991607666
2020-12-08 02:37:00,19.6299991607666
2020-12-08 02:38:00,19.639999389648438
2020-12-08 02:39:00,19.65999984741211
2020-12-08 02:40:00,19.6200008392334
2020-12-08 02:41:00,19.604999542236328
2020-12-08 02:42:00,19.614999771118164
2020-12-08 02:43:00,19.610000610351562
2020-12-08 02:44:00,19.594999313354492
2020-12-08 02:45:00,19.584999084472656
2020-12-08 02:46:00,19.59000015258789
2020-12-08 02:47:00,19.584999084472656
2020-12-08 02:48:00,19.600000381469727
2020-12-08 02:49:00,19.610000610351562
2020-12-08 02:50:00,19.6200008392334
2020-12-08 02:51:00,19.6299991607666
2020-12-08 02:52:00,19.635000228881836
2020-12-08 02:53:00,19.639999389648438
2020-12-08 02:54:00,19.625
2020-12-08 02:55:00,19.635000228881836
2020-12-08 02:56:00,19.614099502563477
2020-12-08 02:57:00,19.600000381469727
2020-12-08 02:58:00,19.597000122070312
2020-12-08 02:59:00,19.600000381469727
2020-12-08 03:00:00,19.59000015258789
2020-12-08 03:01:00,19.579999923706055
2020-12-08 03:02:00,19.565000534057617
2020-12-08 03:03:00,19.579999923706055
2020-12-08 03:04:00,19.575000762939453
2020-12-08 03:05:00,19.575000762939453
2020-12-08 03:06:00,19.56999969482422
2020-12-08 03:07:00,19.575000762939453
2020-12-08 03:08:00,19.579999923706055
2020-12-08 03:09:00,19.57430076599121
2020-12-08 03:10:00,19.56999969482422
2020-12-08 03:11:00,19.56999969482422
2020-12-08 03:12:00,19.575000762939453
2020-12-08 03:13:00,19.584999084472656
2020-12-08 03:14:00,19.594999313354492
2020-12-08 03:15:00,19.594999313354492
2020-12-08 03:16:00,19.600000381469727
2020-12-08 03:17:00,19.594999313354492
2020-12-08 03:18:00,19.604999542236328
2020-12-08 03:19:00,19.610000610351562
2020-12-08 03:20:00,19.635000228881836
2020-12-08 03:21:00,19.614999771118164
2020-12-08 03:22:00,19.600200653076172
2020-12-08 03:23:00,19.610000610351562
2020-12-08 03:24:00,19.616100311279297
2020-12-08 03:25:00,19.629899978637695
2020-12-08 03:26:00,19.6299991607666
2020-12-08 03:27:00,19.6200008392334
2020-12-08 03:28:00,19.602699279785156
2020-12-08 03:29:00,19.6200008392334
2020-12-08 03:30:00,19.6200008392334
2020-12-08 03:31:00,19.63629913330078
2020-12-08 03:32:00,19.6200008392334
2020-12-08 03:33:00,19.625
2020-12-08 03:34:00,19.6299991607666
2020-12-08 03:35:00,19.6299991607666
2020-12-08 03:36:00,19.625
2020-12-08 03:37:00,19.6200008392334
2020-12-08 03:38:00,19.6299991607666
2020-12-08 03:39:00,19.635000228881836
2020-12-08 03:40:00,19.635000228881836
2020-12-08 03:41:00,19.6200008392334
2020-12-08 03:42:00,19.6299991607666
2020-12-08 03:43:00,19.625
2020-12-08 03:44:00,19.6299991607666
2020-12-08 03:45:00,19.6200008392334
2020-12-08 03:46:00,19.629899978637695
2020-12-08 03:47:00,19.6299991607666
2020-12-08 03:48:00,19.63360023498535
2020-12-08 03:49:00,19.6299991607666
2020-12-08 03:50:00,19.639999389648438
2020-12-08 03:51:00,19.638700485229492
2020-12-08 03:52:00,19.645000457763672
2020-12-08 03:53:00,19.639999389648438
2020-12-08 03:54:00,19.649999618530273
2020-12-08 03:55:00,19.65999984741211
2020-12-08 03:56:00,19.674999237060547
2020-12-08 03:57:00,19.700000762939453
2020-12-08 03:58:00,19.69499969482422
2020-12-08 03:59:00,19.700000762939453
2020-12-08 04:00:00,19.704999923706055
2020-12-08 04:01:00,19.704999923706055
2020-12-08 04:02:00,19.700000762939453
2020-12-08 04:03:00,19.704999923706055
2020-12-08 04:04:00,19.704999923706055
2020-12-08 04:05:00,19.704999923706055
2020-12-08 04:06:00,19.715900421142578
2020-12-08 04:07:00,19.709999084472656
2020-12-08 04:08:00,19.704999923706055
2020-12-08 04:09:00,19.709999084472656
2020-12-08 04:10:00,19.709999084472656
2020-12-08 04:11:00,19.704999923706055
2020-12-08 04:12:00,19.704999923706055
2020-12-08 04:13:00,19.704999923706055
2020-12-08 04:14:00,19.704999923706055
2020-12-08 04:15:00,19.704500198364258
2020-12-08 04:16:00,19.704999923706055
2020-12-08 04:17:00,19.704999923706055
2020-12-08 04:18:00,19.709999084472656
2020-12-08 04:19:00,19.709999084472656
2020-12-08 04:20:00,19.71500015258789
2020-12-08 04:21:00,19.704999923706055
2020-12-08 04:22:00,19.700000762939453
2020-12-08 04:23:00,19.707700729370117
2020-12-08 04:24:00,19.71500015258789
2020-12-08 04:25:00,19.69499969482422
2020-12-08 04:26:00,19.709999084472656
2020-12-08 04:27:00,19.729999542236328
2020-12-08 04:28:00,19.739999771118164
2020-12-08 04:29:00,19.735000610351562
2020-12-08 04:30:00,19.719999313354492
2020-12-08 04:31:00,19.729999542236328
2020-12-08 04:32:00,19.725000381469727
2020-12-08 04:33:00,19.725000381469727
2020-12-08 04:34:00,19.71500015258789
2020-12-08 04:35:00,19.729999542236328
2020-12-08 04:36:00,19.729999542236328
2020-12-08 04:37:00,19.725000381469727
2020-12-08 04:38:00,19.729999542236328
2020-12-08 04:39:00,19.729999542236328
2020-12-08 04:40:00,19.725000381469727
2020-12-08 04:41:00,19.729999542236328
2020-12-08 04:42:00,19.735000610351562
2020-12-08 04:43:00,19.737499237060547
2020-12-08 04:44:00,19.719999313354492
2020-12-08 04:45:00,19.71500015258789
2020-12-08 04:46:00,19.729999542236328
2020-12-08 04:47:00,19.729999542236328
2020-12-08 04:48:00,19.7450008392334
2020-12-08 04:49:00,19.75
2020-12-08 04:50:00,19.75
2020-12-08 04:51:00,19.75
2020-12-08 04:52:00,19.735000610351562
2020-12-08 04:53:00,19.735000610351562
2020-12-08 04:54:00,19.737699508666992
2020-12-08 04:55:00,19.729999542236328
2020-12-08 04:56:00,19.735000610351562
2020-12-08 04:57:00,19.75
2020-12-08 04:58:00,19.75
2020-12-08 04:59:00,19.760000228881836
2020-12-08 05:00:00,19.7450008392334
2020-12-08 05:01:00,19.7450008392334
2020-12-08 05:02:00,19.725000381469727
2020-12-08 05:03:00,19.747299194335938
2020-12-08 05:04:00,19.7450008392334
2020-12-08 05:05:00,19.75
2020-12-08 05:06:00,19.7450008392334
2020-12-08 05:07:00,19.760000228881836
2020-12-08 05:08:00,19.7549991607666
2020-12-08 05:09:00,19.760000228881836
2020-12-08 05:10:00,19.774999618530273
2020-12-08 05:11:00,19.7549991607666
2020-12-08 05:12:00,19.75
2020-12-08 05:13:00,19.7549991607666
2020-12-08 05:14:00,19.7450008392334
2020-12-08 05:15:00,19.7549991607666
2020-12-08 05:16:00,19.780000686645508
2020-12-08 05:17:00,19.764999389648438
2020-12-08 05:18:00,19.764999389648438
2020-12-08 05:19:00,19.80500030517578
2020-12-08 05:20:00,19.795000076293945
2020-12-08 05:21:00,19.795000076293945
2020-12-08 05:22:00,19.809999465942383
2020-12-08 05:23:00,19.795000076293945
2020-12-08 05:24:00,19.815000534057617
2020-12-08 05:25:00,19.829999923706055
2020-12-08 05:26:00,19.825000762939453
2020-12-08 05:27:00,19.83989906311035
2020-12-08 05:28:00,19.829999923706055
2020-12-08 05:29:00,19.825000762939453
2020-12-08 05:30:00,19.829999923706055
2020-12-08 05:31:00,19.84000015258789
2020-12-08 05:32:00,19.834999084472656
2020-12-08 05:33:00,19.834999084472656
2020-12-08 05:34:00,19.80500030517578
2020-12-08 05:35:00,19.790000915527344
2020-12-08 05:36:00,19.80500030517578
2020-12-08 05:37:00,19.799999237060547
2020-12-08 05:38:00,19.78499984741211
2020-12-08 05:39:00,19.774999618530273
2020-12-08 05:40:00,19.795000076293945
2020-12-08 05:41:00,19.78499984741211
2020-12-08 05:42:00,19.774999618530273
2020-12-08 05:43:00,19.764999389648438
2020-12-08 05:44:00,19.7549991607666
2020-12-08 05:45:00,19.770000457763672
2020-12-08 05:46:00,19.774999618530273
2020-12-08 05:47:00,19.774999618530273
2020-12-08 05:48:00,19.795000076293945
2020-12-08 05:49:00,19.78499984741211
2020-12-08 05:50:00,19.80500030517578
2020-12-08 05:51:00,19.795000076293945
2020-12-08 05:52:00,19.790000915527344
2020-12-08 05:53:00,19.799999237060547
2020-12-08 05:54:00,19.80500030517578
2020-12-08 05:55:00,19.815000534057617
2020-12-08 05:56:00,19.670000076293945
2020-12-08 05:57:00,19.739999771118164
2020-12-08 05:58:00,19.73200035095215
2020-12-08 05:59:00,19.709999084472656
2020-12-08 23:30:00,19.829999923706055
2020-12-08 23:31:00,19.795000076293945
2020-12-08 23:32:00,19.700000762939453
2020-12-08 23:33:00,19.7549991607666
2020-12-08 23:34:00,19.760000228881836
2020-12-08 23:35:00,19.709999084472656
2020-12-08 23:36:00,19.709999084472656
2020-12-08 23:37:00,19.68000030517578
2020-12-08 23:38:00,19.690000534057617
2020-12-08 23:39:00,19.690000534057617
2020-12-08 23:40:00,19.700000762939453
2020-12-08 23:41:00,19.729999542236328
2020-12-08 23:42:00,19.725000381469727
2020-12-08 23:43:00,19.747699737548828
2020-12-08 23:44:00,19.75
2020-12-08 23:45:00,19.719999313354492
2020-12-08 23:46:00,19.715999603271484
2020-12-08 23:47:00,19.69499969482422
2020-12-08 23:48:00,19.684999465942383
2020-12-08 23:49:00,19.700000762939453
2020-12-08 23:50:00,19.69499969482422
2020-12-08 23:51:00,19.690099716186523
2020-12-08 23:52:00,19.65999984741211
2020-12-08 23:53:00,19.66200065612793
2020-12-08 23:54:00,19.684999465942383
2020-12-08 23:55:00,19.673500061035156
2020-12-08 23:55:57,19.649999618530273
