2020-11-05 23:56:59.253043,1934.05
2020-11-05 23:57:59.342984,1934.4
2020-11-05 23:58:59.377825,1935.25
2020-11-05 23:59:59.418217,1934.15
2020-11-06 00:00:59.461669,1937.2
2020-11-06 00:01:59.511202,1937.05
2020-11-06 00:02:59.556271,1937.8
2020-11-06 00:03:59.594330,1938.45
2020-11-06 00:04:59.632406,1938.6
2020-11-06 00:05:59.681419,1940.4
2020-11-06 00:06:59.743727,1940.1
2020-11-06 00:07:59.786383,1939.7
2020-11-06 00:08:59.849912,1939.9
2020-11-06 00:09:59.952287,1940.45
2020-11-06 00:10:59.998310,1939.8
2020-11-06 00:12:00.082033,1940.55
2020-11-06 00:13:00.113801,1941.7
2020-11-06 00:14:00.138214,1943.2
2020-11-06 00:15:00.172701,1943.2
2020-11-06 00:16:00.207948,1943.45
2020-11-06 00:17:00.242197,1943.25
2020-11-06 00:18:00.265033,1943.95
2020-11-06 00:19:00.308325,1945.95
2020-11-06 00:20:00.332727,1947.7
2020-11-06 00:21:00.368875,1948.45
2020-11-06 00:22:00.459127,1948.55
2020-11-06 00:23:00.502427,1947.85
2020-11-06 00:24:00.538548,1948.05
2020-11-06 00:25:00.582665,1949.15
2020-11-06 00:26:00.640347,1946.5
2020-11-06 00:27:00.675100,1945.6
2020-11-06 00:28:00.767060,1945.55
2020-11-06 00:29:00.820241,1945.05
2020-11-06 00:30:00.884984,1944.65
2020-11-06 00:31:00.933237,1944.5
2020-11-06 00:32:00.970641,1945.75
2020-11-06 00:33:01.112882,1945.45
2020-11-06 00:34:01.180363,1946.6
2020-11-06 00:35:01.280446,1946.75
2020-11-06 00:36:01.388481,1947.0
2020-11-06 00:37:01.465374,1946.2
2020-11-06 00:38:01.508405,1945.85
2020-11-06 00:39:01.570628,1944.7
2020-11-06 00:40:01.702236,1944.45
2020-11-06 00:41:01.745439,1945.5
2020-11-06 00:42:01.785142,1945.75
2020-11-06 00:43:01.821993,1945.4
2020-11-06 00:44:01.865795,1945.45
2020-11-06 00:45:01.903233,1945.95
2020-11-06 00:46:01.945333,1945.85
2020-11-06 00:47:01.998172,1945.8
2020-11-06 00:48:02.006570,1945.45
2020-11-06 00:49:02.045590,1945.95
2020-11-06 00:50:02.081958,1946.3
2020-11-06 00:51:02.117916,1946.0
2020-11-06 00:52:02.153195,1946.45
2020-11-06 00:53:02.189615,1946.1
2020-11-06 00:54:02.218464,1946.0
2020-11-06 00:55:02.288591,1945.4
2020-11-06 00:56:02.334995,1946.05
2020-11-06 00:58:02.400848,1947.25
2020-11-06 00:59:02.596658,1947.3
2020-11-06 01:00:02.646622,1947.0
2020-11-06 01:01:02.697822,1948.2
2020-11-06 01:02:02.746452,1948.35
2020-11-06 01:03:02.888363,1948.25
2020-11-06 01:04:02.945526,1948.75
2020-11-06 01:05:03.000319,1948.7
2020-11-06 01:06:03.056191,1948.85
2020-11-06 01:07:03.136931,1949.7
2020-11-06 01:08:03.191801,1948.65
2020-11-06 01:09:03.421690,1949.8
2020-11-06 01:10:03.475881,1949.65
2020-11-06 01:11:03.530743,1949.55
2020-11-06 01:12:03.668955,1949.55
2020-11-06 01:13:03.725810,1949.75
2020-11-06 01:14:03.764522,1950.15
2020-11-06 01:15:03.796104,1950.05
2020-11-06 01:16:03.868369,1950.65
2020-11-06 01:17:03.935639,1951.55
2020-11-06 01:18:03.995271,1952.0
2020-11-06 01:19:04.075472,1952.55
2020-11-06 01:20:04.252975,1953.8
2020-11-06 01:21:04.374933,1953.65
2020-11-06 01:22:04.425175,1952.7
2020-11-06 01:23:04.475709,1951.55
2020-11-06 01:24:04.537756,1951.8
2020-11-06 01:25:04.694868,1951.85
2020-11-06 01:26:04.770182,1952.9
2020-11-06 01:27:04.822328,1951.55
2020-11-06 01:28:04.870249,1950.15
2020-11-06 01:29:04.984201,1947.7
2020-11-06 01:30:05.046313,1947.25
2020-11-06 01:31:05.102168,1947.4
2020-11-06 01:32:05.283241,1946.45
2020-11-06 01:33:05.340377,1945.55
2020-11-06 01:34:05.405904,1945.1
2020-11-06 01:35:05.456680,1945.15
2020-11-06 01:36:05.517523,1945.25
2020-11-06 01:37:05.707737,1945.95
2020-11-06 01:38:05.758173,1946.6
2020-11-06 01:39:05.815578,1946.45
2020-11-06 01:40:05.851184,1946.4
2020-11-06 01:41:06.022897,1946.95
2020-11-06 01:42:06.115473,1947.35
2020-11-06 01:43:06.165683,1947.9
2020-11-06 01:44:06.361603,1948.2
2020-11-06 01:45:06.410790,1948.4
2020-11-06 01:46:07.086983,1948.9
2020-11-06 01:47:07.181049,1949.1
2020-11-06 01:48:07.268519,1949.35
2020-11-06 01:49:07.459845,1948.85
2020-11-06 01:50:07.529451,1950.05
2020-11-06 01:51:07.760658,1950.15
2020-11-06 01:52:07.822360,1949.8
2020-11-06 01:53:07.891761,1949.85
2020-11-06 01:54:08.145742,1949.55
2020-11-06 01:55:08.297104,1948.95
2020-11-06 01:56:08.378549,1948.25
2020-11-06 01:57:08.451768,1947.15
2020-11-06 01:58:08.510529,1947.9
2020-11-06 01:59:08.573332,1947.65
2020-11-06 02:00:09.136356,1947.65
2020-11-06 02:01:09.350741,1946.15
2020-11-06 02:02:09.421758,1945.5
2020-11-06 02:03:09.508949,1945.15
2020-11-06 02:04:09.636696,1944.85
2020-11-06 02:05:10.303569,1945.4
2020-11-06 02:06:10.362918,1946.2
2020-11-06 02:07:10.417299,1945.85
2020-11-06 02:08:10.549829,1946.4
2020-11-06 02:09:10.672394,1946.95
2020-11-06 02:10:10.740728,1947.3
2020-11-06 02:11:11.133295,1947.25
2020-11-06 02:12:11.201742,1947.2
2020-11-06 02:13:11.360757,1947.8
2020-11-06 02:14:11.430299,1948.05
2020-11-06 02:15:11.500037,1947.8
2020-11-06 02:16:11.558513,1948.35
2020-11-06 02:17:11.607703,1948.35
2020-11-06 02:18:11.812212,1948.5
2020-11-06 02:19:12.047838,1948.85
2020-11-06 02:20:12.102296,1948.5
2020-11-06 02:21:12.177415,1948.35
2020-11-06 02:22:12.233294,1949.4
2020-11-06 02:23:12.323915,1948.7
2020-11-06 02:24:12.583170,1947.85
2020-11-06 02:25:12.646182,1947.9
2020-11-06 02:26:12.697974,1947.75
2020-11-06 02:27:12.762856,1947.0
2020-11-06 02:28:12.828401,1947.1
2020-11-06 02:29:12.889160,1945.35
2020-11-06 02:30:13.017876,1945.35
2020-11-06 02:31:13.163950,1944.4
2020-11-06 02:32:13.590153,1945.15
2020-11-06 02:33:21.372693,1945.6
2020-11-06 02:34:21.947344,1945.9
2020-11-06 02:35:22.044812,1946.45
2020-11-06 02:36:22.196797,1947.15
2020-11-06 02:37:22.325108,1947.25
2020-11-06 02:38:22.619963,1948.45
2020-11-06 02:39:22.715705,1948.0
2020-11-06 02:40:22.816129,1947.8
2020-11-06 02:41:23.011287,1947.8
2020-11-06 02:42:23.104101,1948.05
2020-11-06 02:43:23.196165,1948.2
2020-11-06 02:44:23.259554,1948.85
2020-11-06 02:45:23.469437,1948.8
2020-11-06 02:46:23.577670,1948.95
2020-11-06 02:47:23.731028,1948.65
2020-11-06 02:48:23.796233,1948.75
2020-11-06 02:49:23.864002,1948.95
2020-11-06 02:50:24.414065,1948.8
2020-11-06 02:51:24.563228,1949.15
2020-11-06 02:52:24.694103,1948.95
2020-11-06 02:53:24.770295,1949.15
2020-11-06 02:54:24.845441,1948.85
2020-11-06 02:55:24.915588,1949.05
2020-11-06 02:56:24.980512,1949.15
2020-11-06 02:57:25.086251,1948.95
2020-11-06 02:58:25.187009,1948.85
2020-11-06 02:59:25.353999,1949.25
2020-11-06 03:00:25.444939,1948.95
2020-11-06 03:01:25.536918,1949.15
2020-11-06 03:02:25.917349,1949.2
2020-11-06 03:03:26.185375,1949.25
2020-11-06 03:04:26.290915,1949.6
2020-11-06 03:05:26.569148,1949.65
2020-11-06 03:06:26.645962,1949.55
2020-11-06 03:07:26.720756,1948.5
2020-11-06 03:08:26.794499,1947.8
2020-11-06 03:09:27.196349,1947.75
2020-11-06 03:10:27.397776,1948.25
2020-11-06 03:11:27.775803,1948.25
2020-11-06 03:12:27.871409,1948.3
2020-11-06 03:13:27.976476,1947.95
2020-11-06 03:14:28.235254,1948.35
2020-11-06 03:15:28.342598,1946.95
2020-11-06 03:16:28.417551,1946.8
2020-11-06 03:17:28.544728,1946.95
2020-11-06 03:18:28.627566,1947.85
2020-11-06 03:19:28.761230,1948.1
2020-11-06 03:20:28.825236,1948.9
2020-11-06 03:21:28.973731,1949.25
2020-11-06 03:22:29.050735,1949.25
2020-11-06 03:23:29.120241,1949.05
2020-11-06 03:24:29.241270,1948.15
2020-11-06 03:25:29.321633,1948.95
2020-11-06 03:26:29.534265,1948.6
2020-11-06 03:27:29.605214,1948.0
2020-11-06 03:28:29.682813,1946.7
2020-11-06 03:29:29.799862,1946.95
2020-11-06 03:30:29.896760,1946.55
2020-11-06 03:31:29.976557,1946.15
2020-11-06 03:32:30.089677,1946.75
2020-11-06 03:33:30.161414,1947.4
2020-11-06 03:34:30.230764,1947.0
2020-11-06 03:35:30.294621,1946.95
2020-11-06 03:36:30.375066,1947.8
2020-11-06 03:37:30.447538,1947.9
2020-11-06 03:38:30.720578,1948.45
2020-11-06 03:39:30.814504,1948.15
2020-11-06 03:40:30.923751,1948.2
2020-11-06 03:41:31.518108,1948.25
2020-11-06 03:42:31.588263,1948.5
2020-11-06 03:43:31.713649,1948.4
2020-11-06 03:44:31.801298,1948.6
2020-11-06 03:45:31.875206,1948.65
2020-11-06 03:46:31.942771,1948.65
2020-11-06 03:47:32.010835,1948.35
2020-11-06 03:48:32.087232,1947.95
2020-11-06 03:49:32.158847,1947.85
2020-11-06 03:50:32.248501,1948.85
2020-11-06 03:51:32.383128,1948.8
2020-11-06 03:52:32.464526,1948.4
2020-11-06 03:53:32.543801,1948.75
2020-11-06 03:54:32.623727,1948.8
2020-11-06 03:55:32.716060,1948.65
2020-11-06 03:56:32.793567,1948.65
2020-11-06 03:57:32.874552,1949.0
2020-11-06 03:58:32.952841,1949.1
2020-11-06 03:59:33.173238,1948.15
2020-11-06 04:00:33.256903,1949.5
2020-11-06 04:01:33.398608,1946.9
2020-11-06 04:02:33.609017,1949.3
2020-11-06 04:03:33.852845,1949.2
2020-11-06 04:04:33.980207,1948.85
2020-11-06 04:05:34.692527,1948.0
2020-11-06 04:06:34.772121,1947.6
2020-11-06 04:07:34.860822,1947.55
2020-11-06 04:08:35.560801,1947.05
2020-11-06 04:09:35.672122,1947.65
2020-11-06 04:10:35.741001,1947.4
2020-11-06 04:11:35.809637,1947.4
2020-11-06 04:12:36.073062,1947.1
2020-11-06 04:13:36.407326,1947.3
2020-11-06 04:14:36.488165,1947.3
2020-11-06 04:15:36.566099,1946.65
2020-11-06 04:16:36.663343,1947.0
2020-11-06 04:17:37.176477,1946.75
2020-11-06 04:18:37.261737,1947.15
2020-11-06 04:19:37.352722,1947.1
2020-11-06 04:20:37.491158,1947.65
2020-11-06 04:21:37.619561,1948.0
2020-11-06 04:22:37.697499,1948.6
2020-11-06 04:23:37.883370,1949.35
2020-11-06 04:24:37.997318,1948.6
2020-11-06 04:25:38.193398,1948.55
2020-11-06 04:26:38.283223,1949.05
2020-11-06 04:27:38.378178,1948.85
2020-11-06 04:28:38.566314,1949.25
2020-11-06 04:29:38.822579,1949.1
2020-11-06 04:30:39.185559,1949.3
2020-11-06 04:31:39.397070,1949.25
2020-11-06 04:32:39.517329,1949.4
2020-11-06 04:33:39.605384,1949.55
2020-11-06 04:34:39.747379,1949.55
2020-11-06 04:35:39.835531,1950.7
2020-11-06 04:36:39.916324,1949.7
2020-11-06 04:37:40.026285,1950.3
2020-11-06 04:38:40.097262,1949.45
2020-11-06 04:39:40.332014,1950.05
2020-11-06 04:40:40.405918,1950.3
2020-11-06 04:41:40.812069,1949.95
2020-11-06 04:42:40.955604,1951.1
2020-11-06 04:43:41.059617,1953.05
2020-11-06 04:44:41.147694,1953.05
2020-11-06 04:45:41.223699,1952.9
2020-11-06 04:46:41.320141,1952.65
2020-11-06 04:47:41.488842,1952.45
2020-11-06 04:48:41.558416,1952.1
2020-11-06 04:49:41.663209,1950.45
2020-11-06 04:50:41.806964,1950.6
2020-11-06 04:51:41.915492,1950.2
2020-11-06 04:52:42.009507,1949.65
2020-11-06 04:53:42.225219,1950.0
2020-11-06 04:54:42.404405,1950.2
2020-11-06 04:55:42.525182,1950.75
2020-11-06 04:56:42.606908,1950.85
2020-11-06 04:57:42.685772,1951.35
2020-11-06 04:58:42.816068,1950.85
2020-11-06 04:59:42.897831,1950.85
2020-11-06 05:00:42.971098,1951.1
2020-11-06 05:01:43.040657,1951.3
2020-11-06 05:02:43.133342,1952.05
2020-11-06 05:03:43.231783,1952.25
2020-11-06 05:04:43.285573,1952.35
2020-11-06 05:05:43.371867,1952.45
2020-11-06 05:06:43.603308,1952.45
2020-11-06 05:07:43.796393,1951.8
2020-11-06 05:08:43.897191,1951.4
2020-11-06 05:09:43.985762,1951.45
2020-11-06 05:10:44.061361,1951.55
2020-11-06 05:11:44.267528,1951.4
2020-11-06 05:12:44.406139,1950.85
2020-11-06 05:13:44.624801,1950.35
2020-11-06 05:14:44.810689,1949.95
2020-11-06 05:15:44.901377,1950.9
2020-11-06 05:16:44.972940,1950.5
2020-11-06 05:17:45.056163,1950.1
2020-11-06 05:18:45.161711,1950.65
2020-11-06 05:19:45.252339,1950.6
2020-11-06 05:20:45.328623,1950.5
2020-11-06 05:21:45.393386,1951.05
2020-11-06 05:22:45.754760,1951.45
2020-11-06 05:23:45.844917,1951.3
2020-11-06 05:24:45.918919,1951.3
2020-11-06 05:25:45.982544,1951.2
2020-11-06 05:26:46.053843,1951.55
2020-11-06 05:27:46.130723,1951.7
2020-11-06 05:28:46.255288,1951.4
2020-11-06 05:29:46.519208,1951.0
2020-11-06 05:30:46.673888,1950.25
2020-11-06 05:31:46.757013,1950.8
2020-11-06 05:32:46.883410,1950.6
2020-11-06 05:33:47.222126,1949.4
2020-11-06 05:34:47.299880,1948.9
2020-11-06 05:35:47.489953,1948.9
2020-11-06 05:36:47.732184,1949.45
2020-11-06 05:37:47.910929,1949.8
2020-11-06 05:38:48.447661,1949.6
2020-11-06 05:39:48.818422,1950.05
2020-11-06 05:40:49.206678,1951.2
2020-11-06 05:41:49.952751,1951.6
2020-11-06 05:42:50.094338,1951.05
2020-11-06 05:43:50.244157,1950.35
2020-11-06 05:44:50.750317,1951.35
2020-11-06 05:45:51.207482,1951.45
2020-11-06 05:46:51.320501,1951.9
2020-11-06 05:47:51.458087,1951.7
2020-11-06 05:48:51.554413,1951.65
2020-11-06 05:49:51.947665,1951.9
2020-11-06 05:50:52.056730,1952.45
2020-11-06 05:51:52.127548,1951.9
2020-11-06 05:52:52.205072,1951.3
2020-11-06 05:53:52.405299,1951.35
2020-11-06 05:54:52.566668,1951.1
2020-11-06 05:55:52.784989,1951.2
2020-11-06 05:56:52.881180,1951.4
2020-11-06 05:57:52.972975,1950.9
2020-11-06 05:58:53.093376,1950.45
2020-11-06 05:59:53.177092,1949.65
2020-11-06 06:00:53.267183,1951.8
2020-11-06 06:01:53.554400,1951.8
2020-11-06 06:02:53.746039,1951.95
2020-11-06 06:03:53.874325,1951.45
2020-11-06 06:04:53.963865,1951.5
2020-11-06 06:05:54.041951,1951.7
2020-11-06 06:06:54.119970,1951.3
2020-11-06 06:07:54.262575,1951.2
2020-11-06 06:08:54.421878,1951.45
2020-11-06 06:09:54.633583,1952.3
2020-11-06 06:10:54.708691,1950.65
2020-11-06 06:11:54.798503,1951.2
2020-11-06 06:12:54.873319,1950.8
2020-11-06 06:13:54.994646,1951.4
2020-11-06 06:14:55.110854,1951.05
2020-11-06 06:15:55.361413,1951.4
2020-11-06 06:16:55.533926,1950.75
2020-11-06 06:17:55.726673,1950.55
2020-11-06 06:18:55.859835,1949.3
2020-11-06 06:19:55.944430,1949.1
2020-11-06 06:20:56.033676,1949.7
2020-11-06 06:21:56.105433,1950.55
2020-11-06 06:22:56.210640,1950.6
2020-11-06 06:23:56.292326,1949.15
2020-11-06 06:24:56.362092,1949.1
2020-11-06 06:25:56.524122,1949.45
2020-11-06 06:26:56.627137,1949.85
2020-11-06 06:27:56.720257,1949.9
2020-11-06 06:28:56.818166,1949.8
2020-11-06 06:29:56.921313,1948.85
2020-11-06 06:30:57.006332,1949.85
2020-11-06 06:31:57.132559,1949.5
2020-11-06 06:32:57.243614,1950.2
2020-11-06 06:33:57.315724,1949.85
2020-11-06 06:34:57.403447,1949.55
2020-11-06 06:35:57.826811,1949.45
2020-11-06 06:36:58.024454,1949.85
2020-11-06 06:37:58.093776,1949.9
2020-11-06 06:38:58.165866,1949.7
2020-11-06 06:39:58.262384,1950.15
2020-11-06 06:40:58.326468,1949.9
2020-11-06 06:41:58.409175,1949.4
2020-11-06 06:42:58.888597,1949.4
2020-11-06 06:43:58.994927,1949.95
2020-11-06 06:44:59.096516,1949.9
2020-11-06 06:45:59.254872,1950.3
2020-11-06 06:46:59.328358,1950.35
2020-11-06 06:47:59.486597,1950.35
2020-11-06 06:48:59.612983,1950.55
2020-11-06 06:49:59.702750,1950.25
2020-11-06 06:50:59.771693,1950.3
2020-11-06 06:51:59.880630,1950.4
2020-11-06 06:52:59.960312,1950.7
2020-11-06 06:54:00.128179,1950.7
2020-11-06 06:55:00.269186,1950.6
2020-11-06 06:56:00.352168,1950.0
2020-11-06 06:57:00.427803,1950.7
2020-11-06 06:58:00.695323,1950.75
2020-11-06 06:59:00.911892,1950.85
2020-11-06 07:00:01.004558,1951.0
2020-11-06 07:01:01.095054,1950.9
2020-11-06 07:02:01.198313,1950.9
2020-11-06 07:03:01.287687,1950.9
2020-11-06 07:04:01.781589,1950.9
2020-11-06 07:05:02.206789,1950.9
2020-11-06 07:06:02.309097,1950.9
2020-11-06 07:07:02.389412,1950.9
2020-11-06 07:08:02.667511,1950.9
2020-11-06 07:09:02.757358,1950.9
2020-11-06 07:10:02.995756,1950.9
2020-11-06 07:11:03.153746,1950.9
2020-11-06 07:12:03.260101,1950.9
2020-11-06 07:13:03.359568,1950.9
2020-11-06 07:14:03.438564,1950.9
2020-11-06 07:15:03.903586,1950.9
2020-11-06 07:16:04.168220,1950.9
2020-11-06 07:17:04.243960,1950.9
2020-11-06 07:18:04.323555,1950.9
2020-11-06 07:19:04.399806,1950.9
2020-11-06 07:20:04.626553,1950.9
2020-11-06 07:21:04.724462,1950.9
2020-11-06 07:22:04.801898,1950.9
2020-11-06 07:23:04.875543,1950.9
2020-11-06 07:24:04.964486,1950.9
2020-11-06 07:25:05.105498,1950.9
2020-11-06 07:26:05.266912,1950.9
2020-11-06 07:27:05.756699,1950.9
2020-11-06 07:28:05.878774,1950.9
2020-11-06 07:29:05.989615,1950.9
2020-11-06 07:30:06.077752,1950.9
2020-11-06 07:31:06.197395,1950.9
2020-11-06 07:32:06.336794,1950.9
2020-11-06 07:33:06.469308,1950.9
2020-11-06 07:34:06.566312,1950.9
2020-11-06 07:35:06.648329,1950.9
2020-11-06 07:36:06.734646,1950.9
2020-11-06 07:37:06.836147,1950.9
2020-11-06 07:38:06.955928,1950.9
2020-11-06 07:39:07.163066,1950.9
2020-11-06 07:40:07.243890,1950.9
2020-11-06 07:41:07.342418,1950.9
2020-11-06 07:42:07.432532,1950.9
2020-11-06 07:43:07.508557,1950.9
2020-11-06 07:44:07.683789,1950.9
2020-11-06 07:45:07.782420,1950.9
2020-11-06 07:46:07.884063,1950.2
2020-11-06 07:47:08.000605,1950.2
2020-11-06 07:48:08.087852,1950.2
2020-11-06 07:49:08.355518,1950.2
2020-11-06 07:50:08.452364,1950.2
2020-11-06 07:51:08.644864,1950.15
2020-11-06 07:52:08.714127,1951.1
2020-11-06 07:53:08.785398,1951.1
2020-11-06 07:54:08.878272,1951.1
2020-11-06 07:55:08.989271,1951.1
2020-11-06 07:56:09.110345,1951.1
2020-11-06 07:57:09.194790,1951.1
2020-11-06 07:58:09.274567,1951.1
2020-11-06 07:59:09.420251,1951.1
2020-11-06 08:00:09.510746,1949.45
2020-11-06 08:01:09.601105,1948.75
2020-11-06 08:02:09.821210,1948.9
2020-11-06 08:03:09.997523,1948.05
2020-11-06 08:04:10.529166,1947.6
2020-11-06 08:05:11.488033,1948.4
2020-11-06 08:06:11.644298,1948.75
2020-11-06 08:07:11.794042,1948.7
2020-11-06 08:08:11.889316,1949.1
2020-11-06 08:09:12.036690,1948.5
2020-11-06 08:10:12.220095,1948.6
2020-11-06 08:11:12.385846,1948.6
2020-11-06 08:12:12.525677,1948.1
2020-11-06 08:13:12.627342,1948.4
2020-11-06 08:14:12.765844,1948.15
2020-11-06 08:15:13.102306,1948.3
2020-11-06 08:16:13.316057,1948.0
2020-11-06 08:17:13.663690,1947.9
2020-11-06 08:18:13.742594,1947.85
2020-11-06 08:19:14.205519,1947.1
2020-11-06 08:20:14.479094,1947.7
2020-11-06 08:21:14.623666,1948.1
2020-11-06 08:22:14.724085,1947.8
2020-11-06 08:23:15.105747,1948.15
2020-11-06 08:24:15.701722,1947.8
2020-11-06 08:25:15.788271,1947.9
2020-11-06 08:26:16.040709,1947.8
2020-11-06 08:27:16.186268,1946.85
2020-11-06 08:28:16.263789,1947.1
2020-11-06 08:29:16.774212,1946.95
2020-11-06 08:30:16.853818,1947.0
2020-11-06 08:31:16.926150,1946.7
2020-11-06 08:32:17.001684,1946.55
2020-11-06 08:33:17.079294,1946.5
2020-11-06 08:34:17.151907,1946.55
2020-11-06 08:35:17.268883,1946.5
2020-11-06 08:36:17.421931,1946.5
2020-11-06 08:37:17.585673,1946.4
2020-11-06 08:38:17.688475,1945.95
2020-11-06 08:39:17.809449,1946.05
2020-11-06 08:40:17.913140,1947.5
2020-11-06 08:41:17.994894,1947.8
2020-11-06 08:42:18.127409,1948.6
2020-11-06 08:43:18.237479,1948.2
2020-11-06 08:44:18.447138,1948.9
2020-11-06 08:45:18.923322,1948.2
2020-11-06 08:46:19.068597,1947.15
2020-11-06 08:47:19.148722,1946.3
2020-11-06 08:48:20.213034,1946.1
2020-11-06 08:49:21.235929,1946.1
2020-11-06 08:50:21.320111,1948.9
2020-11-06 08:51:21.423315,1949.05
2020-11-06 08:52:21.543619,1948.7
2020-11-06 08:53:21.625239,1948.0
2020-11-06 08:54:21.742259,1945.85
2020-11-06 08:55:21.838802,1946.0
2020-11-06 08:56:21.919689,1946.1
2020-11-06 08:57:22.083877,1946.2
2020-11-06 08:58:22.230202,1947.0
2020-11-06 08:59:22.486668,1947.2
2020-11-06 09:00:29.294655,1946.7
2020-11-06 09:01:29.386427,1946.75
2020-11-06 09:02:29.460841,1945.6
2020-11-06 09:03:29.551044,1947.1
2020-11-06 09:04:29.640714,1948.5
2020-11-06 09:05:29.750474,1947.7
2020-11-06 09:06:29.836701,1947.2
2020-11-06 09:07:29.934540,1947.3
2020-11-06 09:08:30.045902,1947.05
2020-11-06 09:09:30.133644,1946.2
2020-11-06 09:10:30.229529,1946.8
2020-11-06 09:11:30.330614,1947.2
2020-11-06 09:12:30.431232,1947.7
2020-11-06 09:13:30.543050,1948.4
2020-11-06 09:14:31.509680,1947.95
2020-11-06 09:15:32.000447,1947.8
2020-11-06 09:16:32.092093,1946.9
2020-11-06 09:17:32.181281,1947.45
2020-11-06 09:18:32.349338,1947.2
2020-11-06 09:19:32.670670,1947.6
2020-11-06 09:20:33.302932,1948.3
2020-11-06 09:21:33.405418,1948.05
2020-11-06 09:22:33.481677,1947.65
2020-11-06 09:23:33.677401,1947.85
2020-11-06 09:24:33.753950,1948.2
2020-11-06 09:25:33.923473,1948.0
2020-11-06 09:26:34.014929,1946.3
2020-11-06 09:27:34.095626,1946.5
2020-11-06 09:28:34.181140,1946.1
2020-11-06 09:29:34.296144,1945.0
2020-11-06 09:30:34.377913,1945.65
2020-11-06 09:31:34.456970,1945.15
2020-11-06 09:32:34.560675,1945.15
2020-11-06 09:33:34.637211,1944.9
2020-11-06 09:34:34.710305,1945.5
2020-11-06 09:35:34.795349,1945.4
2020-11-06 09:36:34.873720,1945.7
2020-11-06 09:37:34.963307,1945.95
2020-11-06 09:38:35.043543,1945.9
2020-11-06 09:39:35.142614,1945.35
2020-11-06 09:40:35.220118,1945.0
2020-11-06 09:41:35.306990,1944.9
2020-11-06 09:42:35.396494,1944.7
2020-11-06 09:43:35.482391,1944.35
2020-11-06 09:44:35.599081,1944.3
2020-11-06 09:45:35.769679,1944.95
2020-11-06 09:46:35.848559,1944.95
2020-11-06 09:47:35.914589,1944.5
2020-11-06 09:48:35.993495,1944.9
2020-11-06 09:49:36.131307,1945.0
2020-11-06 09:50:36.232956,1945.0
2020-11-06 09:51:36.324040,1945.2
2020-11-06 09:52:36.400857,1944.2
2020-11-06 09:53:36.529930,1944.2
2020-11-06 09:54:37.986764,1944.2
2020-11-06 09:55:38.657835,1944.75
2020-11-06 09:56:38.746783,1944.35
2020-11-06 09:57:39.078260,1944.0
2020-11-06 09:58:39.164190,1944.2
2020-11-06 09:59:39.283095,1943.6
2020-11-06 10:00:39.382762,1943.7
2020-11-06 10:01:40.035469,1944.85
2020-11-06 10:02:40.174712,1943.35
2020-11-06 10:03:40.313927,1943.0
2020-11-06 10:04:40.586638,1941.9
2020-11-06 10:05:40.688624,1942.5
2020-11-06 10:06:40.845214,1942.55
2020-11-06 10:07:40.965659,1942.45
2020-11-06 10:08:41.117576,1943.3
2020-11-06 10:09:41.214958,1942.45
2020-11-06 10:10:41.311668,1940.3
2020-11-06 10:11:41.451581,1940.0
2020-11-06 10:12:41.579693,1939.85
2020-11-06 10:13:41.678996,1940.25
2020-11-06 10:14:41.753360,1940.4
2020-11-06 10:15:41.831849,1940.3
2020-11-06 10:16:41.951617,1940.75
2020-11-06 10:17:42.054240,1941.05
2020-11-06 10:18:42.125754,1940.6
2020-11-06 10:19:42.261215,1939.85
2020-11-06 10:20:42.358239,1940.65
2020-11-06 10:21:42.503011,1940.6
2020-11-06 10:22:42.609029,1940.35
2020-11-06 10:23:44.083491,1940.25
2020-11-06 10:24:44.456661,1941.0
2020-11-06 10:25:44.623279,1940.95
2020-11-06 10:26:44.742410,1940.95
2020-11-06 10:27:45.079878,1942.0
2020-11-06 10:28:45.197192,1942.45
2020-11-06 10:29:45.339472,1943.05
2020-11-06 10:30:45.436418,1942.85
2020-11-06 10:31:45.648640,1943.15
2020-11-06 10:32:45.896914,1941.45
2020-11-06 10:33:45.988906,1941.4
2020-11-06 10:34:46.084707,1940.85
2020-11-06 10:35:46.293748,1940.05
2020-11-06 10:36:46.368686,1940.6
2020-11-06 10:37:46.538423,1940.4
2020-11-06 10:38:46.631703,1940.7
2020-11-06 10:39:46.723306,1940.4
2020-11-06 10:40:46.836327,1940.5
2020-11-06 10:41:46.930203,1940.95
2020-11-06 10:42:47.059129,1941.1
2020-11-06 10:43:47.178490,1941.7
2020-11-06 10:44:47.360484,1942.15
2020-11-06 10:45:47.473769,1942.2
2020-11-06 10:46:47.589675,1942.2
2020-11-06 10:47:48.015235,1942.2
2020-11-06 10:48:48.116862,1941.8
2020-11-06 10:49:48.220649,1941.95
2020-11-06 10:50:48.319900,1942.25
2020-11-06 10:51:48.405674,1942.75
2020-11-06 10:52:48.553442,1942.9
2020-11-06 10:53:48.638583,1943.0
2020-11-06 10:54:48.728530,1943.05
2020-11-06 10:55:48.823836,1943.1
2020-11-06 10:56:49.781195,1944.1
2020-11-06 10:57:50.105764,1945.65
2020-11-06 10:58:50.259914,1946.1
2020-11-06 10:59:52.207253,1945.6
2020-11-06 11:00:52.441928,1945.65
2020-11-06 11:01:52.614449,1945.5
2020-11-06 11:02:52.786692,1945.5
2020-11-06 11:03:53.202204,1944.7
2020-11-06 11:04:53.327182,1943.75
2020-11-06 11:05:53.660540,1944.4
2020-11-06 11:06:55.137832,1944.8
2020-11-06 11:07:55.696323,1945.2
2020-11-06 11:08:56.319685,1945.1
2020-11-06 11:09:56.399328,1945.3
2020-11-06 11:10:56.498916,1945.85
2020-11-06 11:11:57.209909,1945.9
2020-11-06 11:12:58.317449,1945.65
2020-11-06 11:13:58.680415,1945.55
2020-11-06 11:14:58.776789,1945.25
2020-11-06 11:15:58.903426,1945.45
2020-11-06 11:16:59.003506,1946.05
2020-11-06 11:17:59.238448,1946.9
2020-11-06 11:18:59.349661,1946.9
2020-11-06 11:19:59.480206,1947.05
2020-11-06 11:21:00.868499,1946.5
2020-11-06 11:22:02.306160,1946.05
2020-11-06 11:23:03.308684,1945.15
2020-11-06 11:24:03.500701,1945.5
2020-11-06 11:25:03.597156,1945.0
2020-11-06 11:26:03.688066,1944.6
2020-11-06 11:27:03.798087,1945.2
2020-11-06 11:28:04.299352,1944.7
2020-11-06 11:29:04.387828,1944.75
2020-11-06 11:30:04.487249,1943.6
2020-11-06 11:31:06.303428,1943.3
2020-11-06 11:32:07.271429,1943.35
2020-11-06 11:33:07.364716,1943.7
2020-11-06 11:34:07.732995,1943.8
2020-11-06 11:35:08.690854,1943.75
2020-11-06 11:36:09.301487,1943.8
2020-11-06 11:37:09.436328,1944.5
2020-11-06 11:38:11.115944,1945.6
2020-11-06 11:39:11.432598,1945.2
2020-11-06 11:40:11.529898,1945.05
2020-11-06 11:41:11.613889,1945.05
2020-11-06 11:42:12.052538,1944.65
2020-11-06 11:43:12.240210,1944.65
2020-11-06 11:44:13.415781,1944.3
2020-11-06 11:45:13.510802,1944.0
2020-11-06 11:46:15.621690,1943.45
2020-11-06 11:47:15.714845,1943.55
2020-11-06 11:48:16.355201,1944.05
2020-11-06 11:49:16.471840,1944.45
2020-11-06 11:50:16.839247,1944.9
2020-11-06 11:51:16.972755,1945.3
2020-11-06 11:52:17.068836,1945.6
2020-11-06 11:53:17.207588,1945.25
2020-11-06 11:54:17.336222,1944.85
2020-11-06 11:55:17.467122,1944.25
2020-11-06 11:56:17.856162,1944.8
2020-11-06 11:57:19.260897,1944.35
2020-11-06 11:58:19.615207,1944.5
2020-11-06 11:59:20.035262,1944.4
2020-11-06 12:00:20.377417,1944.05
2020-11-06 12:01:20.450762,1943.5
2020-11-06 12:02:20.537336,1944.3
2020-11-06 12:03:20.626794,1943.8
2020-11-06 12:04:21.249017,1943.6
2020-11-06 12:05:22.297774,1943.55
2020-11-06 12:06:22.444069,1943.1
2020-11-06 12:07:22.540378,1943.45
2020-11-06 12:08:22.625778,1943.2
2020-11-06 12:09:22.713085,1943.3
2020-11-06 12:10:22.800101,1944.05
2020-11-06 12:11:22.959931,1943.2
2020-11-06 12:12:23.262866,1942.8
2020-11-06 12:13:23.640724,1943.05
2020-11-06 12:14:23.894652,1942.6
2020-11-06 12:15:24.042061,1942.7
2020-11-06 12:16:25.465061,1941.95
2020-11-06 12:17:25.576738,1942.4
2020-11-06 12:18:25.690991,1942.75
2020-11-06 12:19:26.114711,1943.25
2020-11-06 12:20:26.229374,1943.1
2020-11-06 12:21:26.308949,1942.75
2020-11-06 12:22:26.501914,1942.7
2020-11-06 12:23:26.796276,1942.9
2020-11-06 12:24:26.880745,1943.15
2020-11-06 12:25:26.963552,1942.4
2020-11-06 12:26:27.068522,1942.3
2020-11-06 12:27:27.308907,1942.55
2020-11-06 12:28:27.394988,1941.55
2020-11-06 12:29:27.499938,1941.65
2020-11-06 12:30:28.973382,1941.95
2020-11-06 12:31:29.433729,1941.55
2020-11-06 12:32:30.563807,1940.7
2020-11-06 12:33:30.698558,1940.55
2020-11-06 12:34:31.291761,1939.75
2020-11-06 12:35:31.494624,1940.2
2020-11-06 12:36:31.733088,1940.3
2020-11-06 12:37:31.992532,1940.95
2020-11-06 12:38:32.149398,1941.05
2020-11-06 12:39:32.485127,1941.0
2020-11-06 12:40:32.772190,1940.85
2020-11-06 12:41:32.877226,1940.85
2020-11-06 12:42:33.552427,1941.35
2020-11-06 12:43:33.926494,1940.8
2020-11-06 12:44:34.016325,1940.95
2020-11-06 12:45:34.121804,1940.85
2020-11-06 12:46:34.209229,1941.15
2020-11-06 12:47:34.310671,1941.35
2020-11-06 12:48:34.586190,1941.15
2020-11-06 12:49:34.751567,1941.05
2020-11-06 12:50:34.867453,1941.6
2020-11-06 12:51:34.953864,1940.55
2020-11-06 12:52:35.097268,1940.05
2020-11-06 12:53:35.204816,1939.95
2020-11-06 12:54:35.298619,1940.05
2020-11-06 12:55:35.384669,1940.05
2020-11-06 12:56:35.495489,1939.7
2020-11-06 12:57:35.584345,1939.8
2020-11-06 12:58:36.281597,1939.75
2020-11-06 12:59:36.356552,1939.7
2020-11-06 13:00:36.671563,1939.7
2020-11-06 13:01:36.800069,1939.15
2020-11-06 13:02:36.922971,1939.3
2020-11-06 13:03:37.039697,1937.85
2020-11-06 13:04:37.172192,1937.35
2020-11-06 13:05:37.285241,1937.55
2020-11-06 13:06:37.371288,1938.05
2020-11-06 13:07:37.503127,1938.35
2020-11-06 13:08:37.588732,1938.35
2020-11-06 13:09:38.983371,1938.3
2020-11-06 13:10:39.159845,1938.75
2020-11-06 13:11:39.536888,1938.65
2020-11-06 13:12:39.657403,1938.5
2020-11-06 13:13:40.114483,1938.7
2020-11-06 13:14:40.209249,1938.8
2020-11-06 13:15:40.344709,1939.5
2020-11-06 13:16:40.479736,1939.5
2020-11-06 13:17:40.607051,1940.05
2020-11-06 13:18:40.697864,1940.05
2020-11-06 13:19:40.836604,1940.05
2020-11-06 13:20:40.953874,1940.1
2020-11-06 13:21:41.276476,1940.1
2020-11-06 13:22:41.378489,1939.75
2020-11-06 13:23:41.471635,1939.9
2020-11-06 13:24:41.880241,1940.35
2020-11-06 13:25:42.045578,1940.45
2020-11-06 13:26:42.126559,1940.35
2020-11-06 13:27:43.766390,1940.6
2020-11-06 13:28:44.078451,1940.55
2020-11-06 13:29:44.200725,1941.0
2020-11-06 13:30:44.309661,1941.05
2020-11-06 13:31:46.201400,1940.7
2020-11-06 13:32:46.457729,1940.15
2020-11-06 13:33:46.866510,1940.5
2020-11-06 13:34:47.123409,1940.4
2020-11-06 13:35:47.602010,1940.3
2020-11-06 13:36:49.025655,1939.7
2020-11-06 13:37:49.671962,1939.8
2020-11-06 13:38:50.953923,1940.0
2020-11-06 13:39:51.042179,1940.0
2020-11-06 13:40:51.237928,1940.4
2020-11-06 13:41:51.358402,1940.3
2020-11-06 13:42:51.626800,1939.85
2020-11-06 13:43:51.718097,1940.25
2020-11-06 13:44:52.086042,1940.45
2020-11-06 13:45:52.181491,1940.25
2020-11-06 13:46:52.337503,1940.2
2020-11-06 13:47:54.060142,1940.3
2020-11-06 13:48:54.709735,1939.95
2020-11-06 13:49:54.972869,1938.95
2020-11-06 13:50:55.408794,1938.55
2020-11-06 13:51:55.593681,1938.2
2020-11-06 13:52:55.861026,1937.85
2020-11-06 13:53:56.515529,1937.45
2020-11-06 13:54:56.694718,1937.65
2020-11-06 13:55:57.503673,1937.95
2020-11-06 13:56:58.314716,1937.95
2020-11-06 13:57:59.049065,1938.3
2020-11-06 13:58:59.327846,1938.15
2020-11-06 13:59:59.471130,1937.95
2020-11-06 14:01:00.064442,1938.75
2020-11-06 14:02:00.319674,1938.9
2020-11-06 14:03:00.421109,1938.75
2020-11-06 14:04:00.586162,1939.25
2020-11-06 14:05:00.686372,1939.05
2020-11-06 14:06:00.817400,1939.3
2020-11-06 14:07:00.908726,1939.3
2020-11-06 14:08:00.998498,1939.4
2020-11-06 14:09:01.113850,1939.4
2020-11-06 14:10:01.215390,1939.45
2020-11-06 14:11:01.313987,1939.7
2020-11-06 14:12:01.404458,1940.05
2020-11-06 14:13:01.501669,1940.15
2020-11-06 14:14:01.585549,1940.45
2020-11-06 14:15:01.728884,1941.05
2020-11-06 14:16:01.835702,1940.95
2020-11-06 14:17:01.937646,1941.75
2020-11-06 14:18:02.200407,1941.75
2020-11-06 14:19:02.508206,1941.45
2020-11-06 14:20:02.598918,1941.65
2020-11-06 14:21:03.374493,1941.55
2020-11-06 14:22:03.564587,1941.6
2020-11-06 14:23:03.912115,1941.45
2020-11-06 14:24:04.119015,1941.6
2020-11-06 14:25:04.231683,1942.0
2020-11-06 14:26:04.385308,1941.9
2020-11-06 14:27:04.481755,1942.2
2020-11-06 14:28:05.205477,1942.5
2020-11-06 14:29:05.496571,1942.25
2020-11-06 14:30:06.047505,1942.25
2020-11-06 14:31:06.152290,1942.25
2020-11-06 14:32:06.397008,1940.95
2020-11-06 14:33:07.244897,1940.7
2020-11-06 14:34:07.421839,1940.75
2020-11-06 14:35:07.510680,1941.0
2020-11-06 14:36:07.674863,1941.0
2020-11-06 14:37:11.762387,1940.85
2020-11-06 14:38:12.653305,1940.7
2020-11-06 14:39:13.107776,1940.3
2020-11-06 14:40:13.502646,1940.25
2020-11-06 14:41:13.693776,1940.55
2020-11-06 14:42:14.039796,1940.6
2020-11-06 14:43:14.120454,1940.75
2020-11-06 14:44:14.551188,1940.6
2020-11-06 14:45:14.643735,1939.9
2020-11-06 14:46:14.744662,1939.4
2020-11-06 14:47:15.805609,1938.45
2020-11-06 14:48:17.473164,1938.5
2020-11-06 14:49:23.300791,1938.25
2020-11-06 14:50:23.408394,1938.95
2020-11-06 14:51:24.048992,1938.55
2020-11-06 14:52:24.272750,1938.3
2020-11-06 14:53:24.718561,1937.95
2020-11-06 14:54:24.820094,1937.9
2020-11-06 14:55:25.207778,1938.85
2020-11-06 14:56:25.298238,1939.15
2020-11-06 14:57:25.401480,1939.4
2020-11-06 14:58:25.996742,1939.9
2020-11-06 14:59:26.313909,1940.05
2020-11-06 15:00:26.405567,1939.6
2020-11-06 15:01:26.765559,1940.2
2020-11-06 15:02:26.866663,1939.75
2020-11-06 15:03:26.974635,1940.65
2020-11-06 15:04:27.404074,1940.45
2020-11-06 15:05:27.808542,1939.9
2020-11-06 15:06:28.949366,1940.3
2020-11-06 15:07:29.323080,1940.5
2020-11-06 15:08:29.441560,1940.95
2020-11-06 15:09:30.562912,1939.9
2020-11-06 15:10:32.741819,1939.5
2020-11-06 15:11:32.862347,1939.35
2020-11-06 15:12:33.559054,1939.9
2020-11-06 15:13:33.652597,1940.5
2020-11-06 15:14:33.754810,1940.75
2020-11-06 15:15:33.896520,1940.45
2020-11-06 15:16:35.987210,1940.25
2020-11-06 15:17:37.436956,1940.6
2020-11-06 15:18:38.131414,1940.2
2020-11-06 15:19:38.237375,1939.8
2020-11-06 15:20:38.358166,1939.6
2020-11-06 15:21:38.476288,1939.3
2020-11-06 15:22:38.607352,1938.85
2020-11-06 15:23:38.989807,1938.95
2020-11-06 15:24:40.843260,1938.6
2020-11-06 15:25:41.088057,1939.3
2020-11-06 15:26:41.360232,1938.7
2020-11-06 15:27:41.967571,1938.6
2020-11-06 15:28:43.009770,1937.65
2020-11-06 15:29:43.122277,1937.75
2020-11-06 15:30:43.515794,1938.45
2020-11-06 15:31:43.622425,1938.5
2020-11-06 15:32:43.753193,1938.6
2020-11-06 15:33:43.848412,1938.6
2020-11-06 15:34:43.970754,1938.55
2020-11-06 15:35:45.470673,1940.55
2020-11-06 15:36:45.567461,1940.5
2020-11-06 15:37:45.764885,1940.65
2020-11-06 15:38:45.849913,1940.5
2020-11-06 15:39:45.954905,1940.4
2020-11-06 15:40:46.106576,1940.45
2020-11-06 15:41:46.231572,1940.4
2020-11-06 15:42:46.374799,1941.0
2020-11-06 15:45:22.814972,1942.1
2020-11-06 15:46:22.945681,1941.2
2020-11-06 15:47:23.064967,1941.05
2020-11-06 15:48:23.284686,1940.95
2020-11-06 15:49:23.383484,1940.55
2020-11-06 15:50:24.944772,1941.05
2020-11-06 15:51:25.084806,1941.3
2020-11-06 15:52:25.208860,1940.9
2020-11-06 15:53:25.359667,1941.05
2020-11-06 15:54:26.153466,1941.35
2020-11-06 15:55:26.350128,1941.3
2020-11-06 15:56:26.663168,1941.2
2020-11-06 15:57:28.086468,1941.5
2020-11-06 15:58:28.229657,1941.7
2020-11-06 15:59:28.320456,1941.75
2020-11-06 16:00:28.495355,1942.6
2020-11-06 16:01:28.706106,1942.2
2020-11-06 16:02:28.798118,1942.0
2020-11-06 16:03:28.924563,1941.25
2020-11-06 16:04:29.051500,1941.2
2020-11-06 16:05:29.371078,1940.5
2020-11-06 16:08:22.223849,1942.85
2020-11-06 16:09:22.351748,1941.75
2020-11-06 16:10:22.491572,1941.3
2020-11-06 16:11:22.647623,1942.15
2020-11-06 16:12:22.776541,1942.2
2020-11-06 16:13:22.873447,1942.0
2020-11-06 16:14:23.031141,1941.6
2020-11-06 16:15:23.264463,1940.8
2020-11-06 16:16:23.633760,1941.05
2020-11-06 16:17:23.899542,1941.0
2020-11-06 16:18:24.477834,1940.75
2020-11-06 16:19:24.589176,1940.65
2020-11-06 16:20:24.710739,1940.5
2020-11-06 16:21:25.087697,1940.75
2020-11-06 16:22:31.869203,1942.15
2020-11-06 16:23:36.912842,1943.0
2020-11-06 16:25:59.526095,1942.9
2020-11-06 16:27:00.928468,1942.85
2020-11-06 16:28:01.241701,1943.15
2020-11-06 16:29:01.390818,1943.25
2020-11-06 16:30:02.122940,1943.55
2020-11-06 16:31:02.243044,1943.8
2020-11-06 16:32:02.363071,1944.2
2020-11-06 16:33:02.521735,1944.9
2020-11-06 16:34:02.620973,1945.6
2020-11-06 16:35:03.040100,1946.4
2020-11-06 16:36:03.132979,1946.8
2020-11-06 16:37:03.303989,1946.35
2020-11-06 16:38:03.419233,1945.85
2020-11-06 16:39:05.226515,1946.75
2020-11-06 16:40:05.395819,1946.6
2020-11-06 16:41:07.028562,1946.0
2020-11-06 16:42:07.132283,1945.9
2020-11-06 16:43:07.604858,1946.55
2020-11-06 16:44:07.706827,1946.7
2020-11-06 16:45:08.035388,1946.05
2020-11-06 16:46:08.156894,1946.7
2020-11-06 16:47:08.264904,1946.95
2020-11-06 16:48:08.702138,1947.45
2020-11-06 16:49:09.346654,1948.0
2020-11-06 16:50:09.589656,1948.45
2020-11-06 16:51:10.221900,1948.0
2020-11-06 16:52:10.351790,1947.5
2020-11-06 16:53:10.483862,1947.5
2020-11-06 16:54:10.574137,1947.4
2020-11-06 16:55:10.694212,1947.7
2020-11-06 16:56:10.796833,1947.8
2020-11-06 16:57:10.918976,1947.6
2020-11-06 16:58:11.022135,1947.65
2020-11-06 16:59:11.249491,1947.9
2020-11-06 17:00:11.447781,1948.75
2020-11-06 17:01:11.585499,1948.9
2020-11-06 17:02:11.688898,1948.7
2020-11-06 17:03:13.415548,1949.5
2020-11-06 17:04:13.536047,1950.45
2020-11-06 17:05:14.105821,1950.65
2020-11-06 17:06:15.198154,1949.8
2020-11-06 17:07:19.293811,1950.15
2020-11-06 17:08:21.523786,1950.6
2020-11-06 17:09:22.026134,1951.0
2020-11-06 17:10:22.143629,1951.55
2020-11-06 17:11:22.439372,1951.55
2020-11-06 17:12:22.563875,1951.15
2020-11-06 17:13:22.685067,1950.95
2020-11-06 17:14:23.166922,1950.35
2020-11-06 17:15:24.524548,1949.45
2020-11-06 17:16:26.630251,1948.55
2020-11-06 17:17:26.906981,1949.25
2020-11-06 17:18:27.035951,1949.95
2020-11-06 17:19:27.328775,1949.0
2020-11-06 17:20:27.433070,1949.25
2020-11-06 17:21:27.672669,1950.05
2020-11-06 17:22:27.774899,1950.05
2020-11-06 17:23:28.554599,1949.55
2020-11-06 17:24:28.662943,1947.65
2020-11-06 17:25:29.058437,1947.55
2020-11-06 17:26:29.186318,1947.7
2020-11-06 17:27:31.140790,1947.85
2020-11-06 17:28:31.379866,1947.8
2020-11-06 17:29:31.764892,1948.1
2020-11-06 17:30:31.842975,1947.75
2020-11-06 17:31:32.431763,1948.55
2020-11-06 17:32:33.178897,1948.8
2020-11-06 17:33:33.312904,1949.35
2020-11-06 17:34:33.426660,1949.5
2020-11-06 17:35:34.466610,1950.15
2020-11-06 17:36:35.580192,1950.2
2020-11-06 17:37:40.473407,1949.6
2020-11-06 17:38:42.410675,1949.5
2020-11-06 17:39:43.391764,1949.9
2020-11-06 17:40:44.396409,1948.95
2020-11-06 17:41:44.648483,1949.2
2020-11-06 17:42:44.787154,1948.95
2020-11-06 17:43:45.014175,1948.8
2020-11-06 17:44:45.862528,1948.95
2020-11-06 17:45:46.203361,1948.65
2020-11-06 17:46:46.343107,1949.15
2020-11-06 17:47:46.538304,1948.9
2020-11-06 17:48:46.881331,1948.4
2020-11-06 17:49:47.298775,1948.5
2020-11-06 17:50:47.417186,1949.2
2020-11-06 17:51:47.554851,1949.2
2020-11-06 17:52:47.978632,1948.8
2020-11-06 17:53:48.102018,1948.25
2020-11-06 17:54:48.279254,1947.6
2020-11-06 17:55:49.781843,1947.6
2020-11-06 17:56:50.418956,1947.45
2020-11-06 17:57:53.801573,1946.45
2020-11-06 17:58:53.917699,1946.6
2020-11-06 17:59:54.009966,1946.15
2020-11-06 18:00:54.577293,1945.5
2020-11-06 18:01:57.096141,1947.05
2020-11-06 18:02:59.949054,1947.05
2020-11-06 18:04:01.220732,1947.0
2020-11-06 18:05:01.759477,1946.8
2020-11-06 18:06:01.922646,1946.65
2020-11-06 18:07:02.049364,1946.4
2020-11-06 18:08:02.308190,1945.9
2020-11-06 18:09:02.458400,1945.35
2020-11-06 18:10:02.693845,1945.7
2020-11-06 18:11:02.802005,1945.7
2020-11-06 18:12:03.029799,1945.05
2020-11-06 18:13:03.221617,1945.3
2020-11-06 18:14:03.520633,1944.8
2020-11-06 18:15:03.670571,1945.65
2020-11-06 18:16:05.132842,1945.4
2020-11-06 18:17:05.267713,1945.8
2020-11-06 18:18:05.404666,1945.75
2020-11-06 18:19:05.574928,1945.65
2020-11-06 18:20:05.787744,1945.8
2020-11-06 18:21:06.077625,1946.45
2020-11-06 18:22:06.498498,1947.2
2020-11-06 18:23:08.891186,1946.95
2020-11-06 18:24:13.662706,1947.05
2020-11-06 18:25:14.316103,1947.0
2020-11-06 18:26:14.453198,1947.8
2020-11-06 18:27:22.017566,1948.4
2020-11-06 18:28:22.126782,1948.35
2020-11-06 18:29:22.251421,1948.2
2020-11-06 18:30:23.769061,1948.0
2020-11-06 18:31:25.131527,1948.6
2020-11-06 18:32:25.477089,1948.8
2020-11-06 18:33:26.624318,1948.8
2020-11-06 18:34:27.013153,1948.9
2020-11-06 18:35:27.203714,1949.05
2020-11-06 18:36:29.937880,1948.1
2020-11-06 18:37:30.080326,1948.55
2020-11-06 18:38:30.644942,1948.9
2020-11-06 18:39:32.121454,1949.7
2020-11-06 18:40:32.742530,1949.1
2020-11-06 18:41:32.916655,1948.7
2020-11-06 18:42:33.300097,1948.85
2020-11-06 18:43:34.001776,1948.5
2020-11-06 18:44:39.623562,1949.4
2020-11-06 18:45:41.839125,1949.3
2020-11-06 18:46:41.958513,1948.85
2020-11-06 18:47:48.109413,1948.8
2020-11-06 18:48:48.234128,1948.7
2020-11-06 18:49:50.696398,1948.8
2020-11-06 18:50:52.422415,1948.9
2020-11-06 18:51:53.002898,1948.55
2020-11-06 18:52:59.262108,1948.3
2020-11-06 18:54:09.425314,1947.2
2020-11-06 18:55:11.110338,1947.5
2020-11-06 18:56:11.683654,1947.0
2020-11-06 18:57:12.573249,1947.7
2020-11-06 18:58:15.891091,1948.4
2020-11-06 18:59:18.475391,1948.3
2020-11-06 19:00:27.069355,1948.7
2020-11-06 19:01:29.262699,1948.2
2020-11-06 19:02:29.741240,1948.8
2020-11-06 19:03:31.340553,1947.55
2020-11-06 19:04:32.729593,1948.2
2020-11-06 19:05:33.227979,1946.9
2020-11-06 19:06:34.244204,1947.3
2020-11-06 19:07:34.380898,1947.5
2020-11-06 19:08:34.609974,1948.2
2020-11-06 19:09:34.740794,1947.85
2020-11-06 19:10:38.023150,1948.5
2020-11-06 19:11:38.222345,1948.8
2020-11-06 19:12:38.382936,1949.1
2020-11-06 19:13:39.654974,1948.95
2020-11-06 19:14:40.652100,1948.75
2020-11-06 19:15:41.858921,1948.7
2020-11-06 19:16:42.431346,1948.65
2020-11-06 19:17:42.576075,1948.1
2020-11-06 19:18:45.668852,1948.3
2020-11-06 19:19:48.678653,1948.5
2020-11-06 19:20:48.944650,1948.3
2020-11-06 19:21:49.223083,1949.2
2020-11-06 19:22:50.030832,1948.75
2020-11-06 19:23:50.686823,1949.5
2020-11-06 19:24:52.509003,1949.5
2020-11-06 19:25:53.413025,1949.1
2020-11-06 19:26:54.018379,1948.9
2020-11-06 19:27:56.084694,1949.4
2020-11-06 19:28:56.261372,1949.5
2020-11-06 19:29:56.489916,1950.2
2020-11-06 19:30:57.044657,1950.2
2020-11-06 19:31:59.101107,1949.3
2020-11-06 19:32:59.224827,1949.5
2020-11-06 19:33:59.344459,1949.2
2020-11-06 19:34:59.600454,1949.8
2020-11-06 19:36:00.789735,1949.9
2020-11-06 19:37:04.387271,1949.9
2020-11-06 19:38:08.493642,1949.6
2020-11-06 19:39:21.921311,1950.2
2020-11-06 19:40:25.771821,1950.7
2020-11-06 19:41:31.832385,1951.6
2020-11-06 19:42:33.459669,1952.5
2020-11-06 19:43:37.600546,1952.2
2020-11-06 19:44:37.742379,1951.8
2020-11-06 19:45:37.858776,1951.5
2020-11-06 19:46:39.195238,1951.4
2020-11-06 19:47:39.403423,1950.6
2020-11-06 19:48:39.521150,1950.9
2020-11-06 19:49:39.761240,1951.9
2020-11-06 19:50:39.884747,1951.95
2020-11-06 19:51:54.991638,1951.25
2020-11-06 19:53:33.869216,1952.6
2020-11-06 19:54:34.172284,1952.4
2020-11-06 19:55:45.177174,1952.2
2020-11-06 19:56:53.390035,1952.75
2020-11-06 19:57:58.112442,1953.2
2020-11-06 19:58:58.259693,1952.5
2020-11-06 19:59:58.531977,1952.1
2020-11-06 20:00:59.185454,1952.3
2020-11-06 20:02:01.787088,1952.9
2020-11-06 20:03:05.800196,1953.1
2020-11-06 20:05:01.983910,1952.9
2020-11-06 20:06:14.671386,1952.8
2020-11-06 20:07:17.860700,1952.25
2020-11-06 20:08:18.011869,1953.1
2020-11-06 20:09:30.134627,1953.4
2020-11-06 20:10:33.584122,1954.5
2020-11-06 20:11:34.544854,1954.55
2020-11-06 20:12:40.273859,1954.65
2020-11-06 20:13:50.375341,1955.4
2020-11-06 20:14:50.778581,1955.4
2020-11-06 20:15:56.654413,1955.4
2020-11-06 20:16:57.110708,1955.55
2020-11-06 20:18:18.916027,1955.1
2020-11-06 20:19:58.505607,1955.0
2020-11-06 20:20:58.775335,1955.0
2020-11-06 20:21:58.904345,1955.0
2020-11-06 20:22:59.074272,1955.0
2020-11-06 20:23:59.261617,1955.0
2020-11-06 20:24:59.515876,1955.0
2020-11-06 20:26:00.239998,1955.0
2020-11-06 20:27:00.708490,1955.0
2020-11-06 20:28:00.852374,1955.0
2020-11-06 20:29:00.997105,1955.0
2020-11-06 20:30:01.195214,1955.0
2020-11-06 20:31:01.453080,1955.0
2020-11-06 20:32:01.575422,1955.0
2020-11-06 20:33:01.766278,1955.0
2020-11-06 20:34:02.078238,1955.0
2020-11-06 20:35:02.428132,1955.0
2020-11-06 20:36:03.206477,1955.0
2020-11-06 20:37:03.358833,1955.0
2020-11-06 20:38:03.711484,1955.0
2020-11-06 20:39:03.840623,1955.0
2020-11-06 20:40:04.383423,1955.0
2020-11-06 20:41:04.557148,1955.0
2020-11-06 20:42:04.787360,1955.0
2020-11-06 20:43:04.934474,1955.0
2020-11-06 20:44:05.154932,1955.0
2020-11-06 20:45:05.279157,1955.0
2020-11-06 20:46:05.744448,1955.0
2020-11-06 20:47:05.894991,1955.0
2020-11-06 20:48:06.133314,1955.0
2020-11-06 20:49:06.266297,1955.0
2020-11-06 20:50:06.395371,1955.0
2020-11-06 20:51:06.861294,1955.0
2020-11-06 20:52:07.039327,1955.0
2020-11-06 20:53:07.178683,1955.0
2020-11-06 20:54:07.366811,1955.0
2020-11-06 20:55:08.060753,1955.0
2020-11-06 20:56:08.225262,1955.0
2020-11-06 20:57:08.356447,1955.0
2020-11-06 20:58:08.498985,1955.0
2020-11-06 20:59:08.681319,1955.0
2020-11-06 21:00:08.844057,1955.0
2020-11-06 21:01:08.976544,1955.0
2020-11-06 21:02:09.120052,1955.0
2020-11-06 21:03:09.243822,1955.0
2020-11-06 21:04:09.498955,1955.0
2020-11-06 21:05:09.906296,1955.0
2020-11-06 21:06:10.176427,1955.0
2020-11-06 21:07:10.840853,1955.0
2020-11-06 21:08:11.013027,1955.0
2020-11-06 21:09:11.105657,1955.0
2020-11-06 21:10:11.284564,1955.0
2020-11-06 21:11:11.412600,1955.0
2020-11-06 21:12:11.750700,1955.0
2020-11-06 21:13:11.924092,1955.0
2020-11-06 21:14:12.057724,1955.0
2020-11-06 21:15:12.172484,1955.0
2020-11-06 21:16:12.362273,1955.0
2020-11-06 21:17:12.482278,1955.0
2020-11-06 21:18:12.614257,1955.0
2020-11-06 21:19:12.796270,1955.0
2020-11-06 21:20:12.911303,1955.0
2020-11-06 21:21:13.127320,1955.0
2020-11-06 21:22:13.297595,1955.0
2020-11-06 21:23:13.438329,1955.0
2020-11-06 21:24:13.635993,1955.0
2020-11-06 21:25:13.752967,1955.0
2020-11-06 21:26:14.034860,1955.0
2020-11-06 21:27:14.231863,1955.0
2020-11-06 21:28:14.395969,1955.0
2020-11-06 21:29:14.525541,1955.0
2020-11-06 21:30:14.652786,1955.0
2020-11-06 21:31:14.996397,1955.0
2020-11-06 21:32:15.117747,1955.0
2020-11-06 21:33:15.269893,1955.0
2020-11-06 21:34:15.387472,1955.0
2020-11-06 21:35:15.529467,1955.0
2020-11-06 21:36:15.680866,1955.0
2020-11-06 21:37:15.871793,1955.0
2020-11-06 21:38:16.193535,1955.0
2020-11-06 21:39:16.282986,1955.0
2020-11-06 21:40:16.499417,1955.0
2020-11-06 21:41:16.603282,1955.0
2020-11-06 21:42:16.745571,1955.0
2020-11-06 21:43:16.929598,1955.0
2020-11-06 21:44:17.054983,1955.0
2020-11-06 21:45:17.177936,1955.0
2020-11-06 21:46:17.325521,1955.0
2020-11-06 21:47:17.515199,1955.0
2020-11-06 21:48:17.630890,1955.0
2020-11-06 21:49:17.754334,1955.0
2020-11-06 21:50:17.872716,1955.0
2020-11-06 21:51:18.386816,1955.0
2020-11-06 21:52:18.524209,1955.0
2020-11-06 21:53:18.761989,1955.0
2020-11-06 21:54:18.877222,1955.0
2020-11-06 21:55:18.995425,1955.0
2020-11-06 21:56:19.153513,1955.0
2020-11-06 21:57:19.298751,1955.0
2020-11-06 21:58:19.500468,1955.0
2020-11-06 21:59:19.725521,1955.0
2020-11-06 22:00:21.236965,1955.0
2020-11-06 22:01:21.355269,1955.0
2020-11-06 22:02:21.558963,1955.0
2020-11-06 22:03:21.714628,1955.0
2020-11-06 22:04:21.836873,1955.0
2020-11-06 22:05:21.997606,1955.0
2020-11-06 22:06:22.213310,1955.0
2020-11-06 22:07:22.402618,1955.0
2020-11-06 22:08:22.566647,1955.0
2020-11-06 22:09:22.679215,1955.0
2020-11-06 22:10:22.829154,1955.0
2020-11-06 22:11:22.932217,1955.0
2020-11-06 22:12:23.036400,1955.0
2020-11-06 22:13:23.148850,1955.0
2020-11-06 22:14:23.401408,1955.0
2020-11-06 22:15:23.581362,1955.0
2020-11-06 22:16:23.736952,1955.0
2020-11-06 22:17:23.894502,1955.0
2020-11-06 22:18:24.151694,1955.0
2020-11-06 22:19:24.415417,1955.0
2020-11-06 22:20:24.699331,1955.0
2020-11-06 22:21:24.853423,1955.0
2020-11-06 22:22:25.099536,1955.0
2020-11-06 22:23:25.226939,1955.0
2020-11-06 22:24:25.354809,1955.0
2020-11-06 22:25:25.599945,1955.0
2020-11-06 22:26:25.821693,1955.0
2020-11-06 22:27:25.997440,1955.0
2020-11-06 22:28:26.101791,1955.0
2020-11-06 22:29:26.224755,1955.0
2020-11-06 22:30:26.366140,1955.0
2020-11-06 22:31:26.515207,1955.0
2020-11-06 22:32:26.646456,1955.0
2020-11-06 22:33:26.853264,1955.0
2020-11-06 22:34:27.045751,1955.0
2020-11-06 22:35:27.178669,1955.0
2020-11-06 22:36:27.324481,1955.0
2020-11-06 22:37:27.500939,1955.0
2020-11-06 22:38:27.617666,1955.0
2020-11-06 22:39:27.744217,1955.0
2020-11-06 22:40:27.898504,1955.0
2020-11-06 22:41:28.034632,1955.0
2020-11-06 22:42:28.253981,1955.0
2020-11-06 22:43:28.529946,1955.0
2020-11-06 22:44:28.681431,1955.0
2020-11-06 22:45:28.821203,1955.0
2020-11-06 22:46:28.937807,1955.0
2020-11-06 22:47:29.048874,1955.0
2020-11-06 22:48:29.173563,1955.0
2020-11-06 22:49:29.285533,1955.0
2020-11-06 22:50:29.392851,1955.0
2020-11-06 22:51:29.574501,1955.0
2020-11-06 22:52:29.700023,1955.0
2020-11-06 22:53:29.898393,1955.0
2020-11-06 22:54:30.069372,1955.0
2020-11-06 22:55:30.204761,1955.0
2020-11-06 22:56:30.594572,1955.0
2020-11-06 22:57:30.701566,1955.0
2020-11-06 22:58:30.806351,1955.0
2020-11-06 22:59:30.953764,1955.0
2020-11-06 23:00:31.076310,1955.0
2020-11-06 23:01:31.222851,1955.0
2020-11-06 23:02:31.348716,1955.0
2020-11-06 23:03:31.590649,1955.0
2020-11-06 23:04:31.704555,1955.0
2020-11-06 23:05:31.809721,1955.0
2020-11-06 23:06:31.943376,1955.0
2020-11-06 23:07:32.126520,1955.0
2020-11-06 23:08:32.369298,1955.0
2020-11-06 23:09:32.482110,1955.0
2020-11-06 23:10:32.594740,1955.0
2020-11-06 23:11:32.827313,1955.0
2020-11-06 23:12:32.930701,1955.0
2020-11-06 23:13:33.079832,1955.0
2020-11-06 23:14:33.289142,1955.0
2020-11-06 23:15:33.411104,1955.0
2020-11-06 23:16:33.534040,1955.0
2020-11-06 23:17:33.644871,1955.0
2020-11-06 23:18:33.775437,1955.0
2020-11-06 23:19:34.156773,1955.0
2020-11-06 23:20:34.286135,1955.0
2020-11-06 23:21:34.449621,1955.0
2020-11-06 23:22:34.583212,1955.0
2020-11-06 23:23:34.791528,1955.0
2020-11-06 23:24:34.957320,1955.0
2020-11-06 23:25:35.119882,1955.0
2020-11-06 23:26:35.295021,1955.0
2020-11-06 23:27:35.429619,1955.0
2020-11-06 23:28:35.548806,1955.0
2020-11-06 23:29:35.672304,1955.0
2020-11-06 23:30:35.834535,1955.0
2020-11-06 23:31:36.020208,1955.0
2020-11-06 23:32:36.164410,1955.0
2020-11-06 23:33:36.281634,1955.0
2020-11-06 23:34:36.494659,1955.0
2020-11-06 23:35:36.638168,1955.0
2020-11-06 23:36:36.821579,1955.0
2020-11-06 23:37:37.007685,1955.0
2020-11-06 23:38:37.130674,1955.0
2020-11-06 23:39:37.287109,1955.0
2020-11-06 23:40:37.418888,1955.0
2020-11-06 23:41:37.575792,1955.0
2020-11-06 23:42:37.732898,1955.0
2020-11-06 23:43:37.839806,1955.0
2020-11-06 23:44:37.991299,1955.0
2020-11-06 23:45:38.192230,1955.0
2020-11-06 23:46:38.337576,1955.0
2020-11-06 23:47:38.467480,1955.0
2020-11-06 23:48:38.640114,1955.0
2020-11-06 23:49:38.764997,1955.0
2020-11-06 23:50:38.906425,1955.0
2020-11-06 23:51:39.041876,1955.0
2020-11-06 23:52:39.176130,1955.0
2020-11-06 23:53:39.349863,1955.0
2020-11-06 23:54:39.473752,1955.0
2020-11-06 23:55:39.628440,1955.0
2020-11-06 23:56:39.765211,1955.0
2020-11-06 23:57:39.894430,1955.0
2020-11-06 23:58:39.989803,1955.0
2020-11-06 23:59:40.128507,1955.0
2020-11-07 00:00:40.393428,1955.0
2020-11-07 00:01:40.575344,1955.0
2020-11-07 00:02:40.705113,1955.0
2020-11-07 00:03:40.847197,1955.0
2020-11-07 00:04:41.014497,1955.0
2020-11-07 00:05:41.155225,1955.0
2020-11-07 00:06:41.289069,1955.0
2020-11-07 00:07:41.475553,1955.0
2020-11-07 00:08:41.626179,1955.0
2020-11-07 00:09:41.776032,1955.0
2020-11-07 00:10:41.911548,1955.0
2020-11-07 00:11:42.047352,1955.0
2020-11-07 00:12:42.191556,1955.0
2020-11-07 00:13:42.328592,1955.0
